lubrication_type,bearing_type_assigned_1,num_bearing_makes,bearing_makes
Drip Oil Feed Lubrication,Bearing_105,1,['MAKE_1']
Drip Oil Feed Lubrication,Bearing_148,1,['MAKE_6']
Drip Oil Feed Lubrication,Bearing_24,1,['MAKE_4']
Drip Oil Feed Lubrication,Bearing_33,1,['MAKE_4']
Drip Oil Feed Lubrication,Bearing_334,1,['MAKE_1']
Drip Oil Feed Lubrication,Bearing_354,1,['MAKE_4']
Drip Oil Feed Lubrication,Bearing_46,1,['MAKE_1']
Drip Oil Feed Lubrication,Bearing_498,1,['MAKE_4']
Drip Oil Feed Lubrication,Bearing_685,1,['MAKE_14']
Drip Oil Feed Lubrication,Bearing_686,1,['MAKE_14']
Drip Oil Feed Lubrication,Bearing_730,1,['MAKE_4']
Force Oil Feed Lubrication,Bearing_123,1,['MAKE_1']
Force Oil Feed Lubrication,Bearing_224,1,['MAKE_12']
Force Oil Feed Lubrication,Bearing_351,1,['MAKE_1']
Force Oil Feed Lubrication,Bearing_369,1,['MAKE_1']
Force Oil Feed Lubrication,Bearing_383,1,['MAKE_9']
Force Oil Feed Lubrication,Bearing_496,1,['MAKE_1']
Force Oil Feed Lubrication,Bearing_609,1,['MAKE_4']
Force Oil Feed Lubrication,Bearing_610,1,['MAKE_4']
Force Oil Feed Lubrication,Bearing_611,1,['MAKE_1']
Force Oil Feed Lubrication,Bearing_612,1,['MAKE_1']
Force Oil Feed Lubrication,Bearing_632,1,['MAKE_1']
Force Oil Feed Lubrication,Bearing_720,1,['MAKE_1']
Grease Lubrication,Bearing_102,1,['MAKE_1']
Grease Lubrication,Bearing_104,1,['MAKE_1']
Grease Lubrication,Bearing_112,1,['MAKE_4']
Grease Lubrication,Bearing_113,1,['MAKE_8']
Grease Lubrication,Bearing_115,1,['MAKE_1']
Grease Lubrication,Bearing_116,1,['MAKE_1']
Grease Lubrication,Bearing_119,1,['MAKE_1']
Grease Lubrication,Bearing_12,1,['MAKE_1']
Grease Lubrication,Bearing_121,1,['MAKE_5']
Grease Lubrication,Bearing_126,1,['MAKE_1']
Grease Lubrication,Bearing_13,1,['MAKE_1']
Grease Lubrication,Bearing_130,1,['MAKE_1']
Grease Lubrication,Bearing_135,1,['MAKE_4']
Grease Lubrication,Bearing_136,1,['MAKE_4']
Grease Lubrication,Bearing_138,1,['MAKE_4']
Grease Lubrication,Bearing_140,1,['MAKE_1']
Grease Lubrication,Bearing_141,1,['MAKE_5']
Grease Lubrication,Bearing_147,1,['MAKE_5']
Grease Lubrication,Bearing_148,1,['MAKE_6']
Grease Lubrication,Bearing_15,1,['MAKE_5']
Grease Lubrication,Bearing_153,1,['MAKE_4']
Grease Lubrication,Bearing_154,1,['MAKE_1']
Grease Lubrication,Bearing_157,1,['MAKE_1']
Grease Lubrication,Bearing_161,1,['MAKE_1']
Grease Lubrication,Bearing_163,1,['MAKE_1']
Grease Lubrication,Bearing_164,1,['MAKE_1']
Grease Lubrication,Bearing_167,1,['MAKE_7']
Grease Lubrication,Bearing_173,1,['MAKE_1']
Grease Lubrication,Bearing_174,1,['MAKE_1']
Grease Lubrication,Bearing_176,1,['MAKE_1']
Grease Lubrication,Bearing_177,1,['MAKE_4']
Grease Lubrication,Bearing_18,1,['MAKE_1']
Grease Lubrication,Bearing_186,1,['MAKE_7']
Grease Lubrication,Bearing_19,1,['MAKE_1']
Grease Lubrication,Bearing_191,1,['MAKE_4']
Grease Lubrication,Bearing_193,1,['MAKE_1']
Grease Lubrication,Bearing_196,1,['MAKE_1']
Grease Lubrication,Bearing_20,1,['MAKE_4']
Grease Lubrication,Bearing_205,1,['MAKE_4']
Grease Lubrication,Bearing_208,1,['MAKE_1']
Grease Lubrication,Bearing_210,1,['MAKE_7']
Grease Lubrication,Bearing_215,1,['MAKE_4']
Grease Lubrication,Bearing_22,1,['MAKE_1']
Grease Lubrication,Bearing_220,1,['MAKE_1']
Grease Lubrication,Bearing_222,1,['MAKE_1']
Grease Lubrication,Bearing_223,1,['MAKE_1']
Grease Lubrication,Bearing_225,1,['MAKE_4']
Grease Lubrication,Bearing_233,1,['MAKE_6']
Grease Lubrication,Bearing_237,1,['MAKE_1']
Grease Lubrication,Bearing_241,1,['MAKE_1']
Grease Lubrication,Bearing_244,1,['MAKE_5']
Grease Lubrication,Bearing_247,1,['MAKE_1']
Grease Lubrication,Bearing_250,1,['MAKE_4']
Grease Lubrication,Bearing_26,1,['MAKE_1']
Grease Lubrication,Bearing_266,1,['MAKE_1']
Grease Lubrication,Bearing_273,1,['MAKE_4']
Grease Lubrication,Bearing_275,1,['MAKE_3']
Grease Lubrication,Bearing_276,1,['MAKE_6']
Grease Lubrication,Bearing_280,1,['MAKE_1']
Grease Lubrication,Bearing_281,1,['MAKE_1']
Grease Lubrication,Bearing_282,1,['MAKE_1']
Grease Lubrication,Bearing_3,1,['MAKE_1']
Grease Lubrication,Bearing_30,1,['MAKE_1']
Grease Lubrication,Bearing_301,1,['MAKE_7']
Grease Lubrication,Bearing_304,1,['MAKE_6']
Grease Lubrication,Bearing_311,1,['MAKE_3']
Grease Lubrication,Bearing_313,1,['MAKE_5']
Grease Lubrication,Bearing_314,1,['MAKE_4']
Grease Lubrication,Bearing_316,1,['MAKE_1']
Grease Lubrication,Bearing_318,1,['MAKE_1']
Grease Lubrication,Bearing_324,1,['MAKE_4']
Grease Lubrication,Bearing_332,1,['MAKE_4']
Grease Lubrication,Bearing_34,1,['MAKE_1']
Grease Lubrication,Bearing_340,1,['MAKE_3']
Grease Lubrication,Bearing_346,1,['MAKE_1']
Grease Lubrication,Bearing_348,1,['MAKE_1']
Grease Lubrication,Bearing_36,1,['MAKE_1']
Grease Lubrication,Bearing_364,1,['MAKE_1']
Grease Lubrication,Bearing_366,1,['MAKE_5']
Grease Lubrication,Bearing_367,1,['MAKE_1']
Grease Lubrication,Bearing_368,1,['MAKE_3']
Grease Lubrication,Bearing_37,1,['MAKE_1']
Grease Lubrication,Bearing_373,1,['MAKE_1']
Grease Lubrication,Bearing_38,1,['MAKE_1']
Grease Lubrication,Bearing_385,1,['MAKE_1']
Grease Lubrication,Bearing_399,1,['MAKE_1']
Grease Lubrication,Bearing_411,1,['MAKE_1']
Grease Lubrication,Bearing_417,1,['MAKE_4']
Grease Lubrication,Bearing_424,1,['MAKE_1']
Grease Lubrication,Bearing_425,1,['MAKE_7']
Grease Lubrication,Bearing_429,1,['MAKE_4']
Grease Lubrication,Bearing_431,1,['MAKE_6']
Grease Lubrication,Bearing_444,1,['MAKE_1']
Grease Lubrication,Bearing_452,1,['MAKE_4']
Grease Lubrication,Bearing_465,1,['MAKE_4']
Grease Lubrication,Bearing_47,1,['MAKE_5']
Grease Lubrication,Bearing_473,1,['MAKE_4']
Grease Lubrication,Bearing_474,1,['MAKE_4']
Grease Lubrication,Bearing_477,1,['MAKE_4']
Grease Lubrication,Bearing_480,1,['MAKE_1']
Grease Lubrication,Bearing_486,1,['MAKE_1']
Grease Lubrication,Bearing_489,1,['MAKE_3']
Grease Lubrication,Bearing_49,1,['MAKE_1']
Grease Lubrication,Bearing_5,1,['MAKE_1']
Grease Lubrication,Bearing_50,1,['MAKE_4']
Grease Lubrication,Bearing_501,1,['MAKE_1']
Grease Lubrication,Bearing_51,1,['MAKE_5']
Grease Lubrication,Bearing_510,1,['MAKE_1']
Grease Lubrication,Bearing_512,1,['MAKE_3']
Grease Lubrication,Bearing_514,1,['MAKE_7']
Grease Lubrication,Bearing_517,1,['MAKE_1']
Grease Lubrication,Bearing_52,1,['MAKE_1']
Grease Lubrication,Bearing_524,1,['MAKE_2']
Grease Lubrication,Bearing_526,1,['MAKE_1']
Grease Lubrication,Bearing_527,1,['MAKE_1']
Grease Lubrication,Bearing_532,1,['MAKE_1']
Grease Lubrication,Bearing_534,1,['MAKE_3']
Grease Lubrication,Bearing_535,1,['MAKE_4']
Grease Lubrication,Bearing_55,1,['MAKE_4']
Grease Lubrication,Bearing_56,1,['MAKE_1']
Grease Lubrication,Bearing_563,1,['MAKE_4']
Grease Lubrication,Bearing_572,1,['MAKE_7']
Grease Lubrication,Bearing_58,1,['MAKE_1']
Grease Lubrication,Bearing_580,1,['MAKE_4']
Grease Lubrication,Bearing_59,1,['MAKE_1']
Grease Lubrication,Bearing_590,1,['MAKE_7']
Grease Lubrication,Bearing_595,1,['MAKE_1']
Grease Lubrication,Bearing_599,1,['MAKE_6']
Grease Lubrication,Bearing_6,1,['MAKE_1']
Grease Lubrication,Bearing_60,1,['MAKE_5']
Grease Lubrication,Bearing_605,1,['MAKE_1']
Grease Lubrication,Bearing_61,1,['MAKE_4']
Grease Lubrication,Bearing_621,1,['MAKE_4']
Grease Lubrication,Bearing_622,1,['MAKE_1']
Grease Lubrication,Bearing_623,1,['MAKE_1']
Grease Lubrication,Bearing_63,1,['MAKE_1']
Grease Lubrication,Bearing_630,1,['MAKE_1']
Grease Lubrication,Bearing_631,1,['MAKE_1']
Grease Lubrication,Bearing_635,1,['MAKE_1']
Grease Lubrication,Bearing_638,1,['MAKE_7']
Grease Lubrication,Bearing_645,1,['MAKE_1']
Grease Lubrication,Bearing_654,1,['MAKE_1']
Grease Lubrication,Bearing_658,1,['MAKE_1']
Grease Lubrication,Bearing_66,1,['MAKE_1']
Grease Lubrication,Bearing_664,1,['MAKE_1']
Grease Lubrication,Bearing_665,1,['MAKE_1']
Grease Lubrication,Bearing_666,1,['MAKE_1']
Grease Lubrication,Bearing_667,1,['MAKE_1']
Grease Lubrication,Bearing_678,1,['MAKE_1']
Grease Lubrication,Bearing_688,1,['MAKE_1']
Grease Lubrication,Bearing_69,1,['MAKE_1']
Grease Lubrication,Bearing_698,1,['MAKE_4']
Grease Lubrication,Bearing_714,1,['MAKE_16']
Grease Lubrication,Bearing_723,1,['MAKE_3']
Grease Lubrication,Bearing_728,1,['MAKE_1']
Grease Lubrication,Bearing_740,1,['MAKE_1']
Grease Lubrication,Bearing_741,1,['MAKE_1']
Grease Lubrication,Bearing_742,1,['MAKE_1']
Grease Lubrication,Bearing_754,1,['MAKE_7']
Grease Lubrication,Bearing_76,1,['MAKE_4']
Grease Lubrication,Bearing_80,1,['MAKE_7']
Grease Lubrication,Bearing_81,1,['MAKE_4']
Grease Lubrication,Bearing_82,1,['MAKE_1']
Grease Lubrication,Bearing_83,1,['MAKE_4']
Grease Lubrication,Bearing_91,1,['MAKE_1']
Grease Lubrication,Bearing_93,1,['MAKE_1']
Grease Lubrication,Bearing_96,1,['MAKE_1']
Grease Lubrication,Bearing_97,1,['MAKE_4']
Not Available,Bearing_1,1,['MAKE_1']
Not Available,Bearing_10,1,['MAKE_1']
Not Available,Bearing_100,1,['MAKE_4']
Not Available,Bearing_101,1,['MAKE_1']
Not Available,Bearing_103,1,['MAKE_1']
Not Available,Bearing_104,1,['MAKE_1']
Not Available,Bearing_105,1,['MAKE_1']
Not Available,Bearing_106,1,['MAKE_3']
Not Available,Bearing_107,1,['MAKE_1']
Not Available,Bearing_108,1,['MAKE_1']
Not Available,Bearing_109,1,['MAKE_1']
Not Available,Bearing_11,1,['MAKE_4']
Not Available,Bearing_110,1,['MAKE_1']
Not Available,Bearing_111,1,['MAKE_1']
Not Available,Bearing_114,1,['MAKE_4']
Not Available,Bearing_115,1,['MAKE_1']
Not Available,Bearing_116,1,['MAKE_1']
Not Available,Bearing_117,1,['MAKE_1']
Not Available,Bearing_118,1,['MAKE_7']
Not Available,Bearing_119,1,['MAKE_1']
Not Available,Bearing_12,1,['MAKE_1']
Not Available,Bearing_120,1,['MAKE_1']
Not Available,Bearing_122,1,['MAKE_1']
Not Available,Bearing_123,1,['MAKE_1']
Not Available,Bearing_124,1,['MAKE_1']
Not Available,Bearing_125,1,['MAKE_1']
Not Available,Bearing_127,1,['MAKE_9']
Not Available,Bearing_128,1,['MAKE_1']
Not Available,Bearing_129,1,['MAKE_1']
Not Available,Bearing_13,1,['MAKE_1']
Not Available,Bearing_131,1,['MAKE_4']
Not Available,Bearing_132,1,['MAKE_1']
Not Available,Bearing_133,1,['MAKE_4']
Not Available,Bearing_134,1,['MAKE_4']
Not Available,Bearing_135,1,['MAKE_4']
Not Available,Bearing_137,1,['MAKE_5']
Not Available,Bearing_139,1,['MAKE_1']
Not Available,Bearing_14,1,['MAKE_1']
Not Available,Bearing_140,1,['MAKE_1']
Not Available,Bearing_141,1,['MAKE_5']
Not Available,Bearing_142,1,['MAKE_3']
Not Available,Bearing_143,1,['MAKE_1']
Not Available,Bearing_144,1,['MAKE_4']
Not Available,Bearing_145,1,['MAKE_4']
Not Available,Bearing_146,1,['MAKE_5']
Not Available,Bearing_147,1,['MAKE_5']
Not Available,Bearing_148,1,['MAKE_6']
Not Available,Bearing_149,1,['MAKE_10']
Not Available,Bearing_15,1,['MAKE_5']
Not Available,Bearing_150,1,['MAKE_1']
Not Available,Bearing_151,1,['MAKE_11']
Not Available,Bearing_152,1,['MAKE_1']
Not Available,Bearing_154,1,['MAKE_1']
Not Available,Bearing_155,1,['MAKE_4']
Not Available,Bearing_156,1,['MAKE_1']
Not Available,Bearing_157,1,['MAKE_1']
Not Available,Bearing_158,1,['MAKE_4']
Not Available,Bearing_159,1,['MAKE_6']
Not Available,Bearing_16,1,['MAKE_1']
Not Available,Bearing_160,1,['MAKE_1']
Not Available,Bearing_161,1,['MAKE_1']
Not Available,Bearing_162,1,['MAKE_1']
Not Available,Bearing_163,1,['MAKE_1']
Not Available,Bearing_165,1,['MAKE_4']
Not Available,Bearing_166,1,['MAKE_4']
Not Available,Bearing_168,1,['MAKE_9']
Not Available,Bearing_169,1,['MAKE_4']
Not Available,Bearing_17,1,['MAKE_1']
Not Available,Bearing_170,1,['MAKE_4']
Not Available,Bearing_171,1,['MAKE_1']
Not Available,Bearing_172,1,['MAKE_1']
Not Available,Bearing_173,1,['MAKE_1']
Not Available,Bearing_174,1,['MAKE_1']
Not Available,Bearing_175,1,['MAKE_4']
Not Available,Bearing_176,1,['MAKE_1']
Not Available,Bearing_178,1,['MAKE_4']
Not Available,Bearing_179,1,['MAKE_1']
Not Available,Bearing_18,1,['MAKE_1']
Not Available,Bearing_180,1,['MAKE_1']
Not Available,Bearing_181,1,['MAKE_1']
Not Available,Bearing_182,1,['MAKE_1']
Not Available,Bearing_183,1,['MAKE_4']
Not Available,Bearing_184,1,['MAKE_1']
Not Available,Bearing_185,1,['MAKE_4']
Not Available,Bearing_186,1,['MAKE_7']
Not Available,Bearing_187,1,['MAKE_1']
Not Available,Bearing_188,1,['MAKE_7']
Not Available,Bearing_189,1,['MAKE_1']
Not Available,Bearing_19,1,['MAKE_1']
Not Available,Bearing_190,1,['MAKE_1']
Not Available,Bearing_191,1,['MAKE_4']
Not Available,Bearing_192,1,['MAKE_4']
Not Available,Bearing_193,1,['MAKE_1']
Not Available,Bearing_194,1,['MAKE_1']
Not Available,Bearing_195,1,['MAKE_4']
Not Available,Bearing_197,1,['MAKE_4']
Not Available,Bearing_198,1,['MAKE_1']
Not Available,Bearing_199,1,['MAKE_1']
Not Available,Bearing_2,1,['MAKE_2']
Not Available,Bearing_20,1,['MAKE_4']
Not Available,Bearing_200,1,['MAKE_4']
Not Available,Bearing_201,1,['MAKE_9']
Not Available,Bearing_202,1,['MAKE_1']
Not Available,Bearing_203,1,['MAKE_1']
Not Available,Bearing_204,1,['MAKE_1']
Not Available,Bearing_205,1,['MAKE_4']
Not Available,Bearing_206,1,['MAKE_4']
Not Available,Bearing_207,1,['MAKE_1']
Not Available,Bearing_208,1,['MAKE_1']
Not Available,Bearing_209,1,['MAKE_1']
Not Available,Bearing_21,1,['MAKE_4']
Not Available,Bearing_211,1,['MAKE_1']
Not Available,Bearing_212,1,['MAKE_1']
Not Available,Bearing_213,1,['MAKE_1']
Not Available,Bearing_214,1,['MAKE_1']
Not Available,Bearing_215,1,['MAKE_4']
Not Available,Bearing_216,1,['MAKE_1']
Not Available,Bearing_217,1,['MAKE_1']
Not Available,Bearing_218,1,['MAKE_1']
Not Available,Bearing_22,1,['MAKE_1']
Not Available,Bearing_220,1,['MAKE_1']
Not Available,Bearing_221,1,['MAKE_4']
Not Available,Bearing_223,1,['MAKE_1']
Not Available,Bearing_224,1,['MAKE_12']
Not Available,Bearing_225,1,['MAKE_4']
Not Available,Bearing_227,1,['MAKE_1']
Not Available,Bearing_228,1,['MAKE_1']
Not Available,Bearing_229,1,['MAKE_4']
Not Available,Bearing_23,1,['MAKE_1']
Not Available,Bearing_230,1,['MAKE_1']
Not Available,Bearing_231,1,['MAKE_4']
Not Available,Bearing_232,1,['MAKE_13']
Not Available,Bearing_234,1,['MAKE_1']
Not Available,Bearing_235,1,['MAKE_1']
Not Available,Bearing_236,1,['MAKE_1']
Not Available,Bearing_237,1,['MAKE_1']
Not Available,Bearing_238,1,['MAKE_1']
Not Available,Bearing_239,1,['MAKE_2']
Not Available,Bearing_24,1,['MAKE_4']
Not Available,Bearing_240,1,['MAKE_1']
Not Available,Bearing_241,1,['MAKE_1']
Not Available,Bearing_242,1,['MAKE_5']
Not Available,Bearing_243,1,['MAKE_1']
Not Available,Bearing_244,1,['MAKE_5']
Not Available,Bearing_245,1,['MAKE_7']
Not Available,Bearing_246,1,['MAKE_1']
Not Available,Bearing_248,1,['MAKE_1']
Not Available,Bearing_249,1,['MAKE_1']
Not Available,Bearing_25,1,['MAKE_1']
Not Available,Bearing_250,1,['MAKE_4']
Not Available,Bearing_251,1,['MAKE_1']
Not Available,Bearing_252,1,['MAKE_1']
Not Available,Bearing_253,1,['MAKE_7']
Not Available,Bearing_254,1,['MAKE_1']
Not Available,Bearing_255,1,['MAKE_1']
Not Available,Bearing_256,1,['MAKE_1']
Not Available,Bearing_257,1,['MAKE_4']
Not Available,Bearing_258,1,['MAKE_4']
Not Available,Bearing_259,1,['MAKE_1']
Not Available,Bearing_26,1,['MAKE_1']
Not Available,Bearing_260,1,['MAKE_14']
Not Available,Bearing_261,1,['MAKE_15']
Not Available,Bearing_262,1,['MAKE_4']
Not Available,Bearing_263,1,['MAKE_1']
Not Available,Bearing_264,1,['MAKE_5']
Not Available,Bearing_265,1,['MAKE_1']
Not Available,Bearing_266,1,['MAKE_1']
Not Available,Bearing_267,1,['MAKE_4']
Not Available,Bearing_268,1,['MAKE_1']
Not Available,Bearing_269,1,['MAKE_1']
Not Available,Bearing_27,1,['MAKE_1']
Not Available,Bearing_270,1,['MAKE_7']
Not Available,Bearing_271,1,['MAKE_1']
Not Available,Bearing_272,1,['MAKE_4']
Not Available,Bearing_274,1,['MAKE_1']
Not Available,Bearing_276,1,['MAKE_6']
Not Available,Bearing_277,1,['MAKE_6']
Not Available,Bearing_278,1,['MAKE_1']
Not Available,Bearing_279,1,['MAKE_1']
Not Available,Bearing_28,1,['MAKE_1']
Not Available,Bearing_283,1,['MAKE_1']
Not Available,Bearing_284,1,['MAKE_4']
Not Available,Bearing_285,1,['MAKE_4']
Not Available,Bearing_286,1,['MAKE_4']
Not Available,Bearing_287,1,['MAKE_1']
Not Available,Bearing_288,1,['MAKE_5']
Not Available,Bearing_289,1,['MAKE_1']
Not Available,Bearing_29,1,['MAKE_1']
Not Available,Bearing_290,1,['MAKE_11']
Not Available,Bearing_291,1,['MAKE_4']
Not Available,Bearing_292,1,['MAKE_1']
Not Available,Bearing_293,1,['MAKE_4']
Not Available,Bearing_295,1,['MAKE_1']
Not Available,Bearing_296,1,['MAKE_1']
Not Available,Bearing_297,1,['MAKE_6']
Not Available,Bearing_298,1,['MAKE_1']
Not Available,Bearing_299,1,['MAKE_1']
Not Available,Bearing_3,1,['MAKE_1']
Not Available,Bearing_30,1,['MAKE_1']
Not Available,Bearing_300,1,['MAKE_1']
Not Available,Bearing_301,1,['MAKE_7']
Not Available,Bearing_302,1,['MAKE_4']
Not Available,Bearing_303,1,['MAKE_1']
Not Available,Bearing_304,1,['MAKE_6']
Not Available,Bearing_305,1,['MAKE_5']
Not Available,Bearing_306,1,['MAKE_5']
Not Available,Bearing_307,1,['MAKE_1']
Not Available,Bearing_308,1,['MAKE_5']
Not Available,Bearing_309,1,['MAKE_1']
Not Available,Bearing_31,1,['MAKE_5']
Not Available,Bearing_310,1,['MAKE_8']
Not Available,Bearing_312,1,['MAKE_13']
Not Available,Bearing_315,1,['MAKE_1']
Not Available,Bearing_317,1,['MAKE_4']
Not Available,Bearing_319,1,['MAKE_4']
Not Available,Bearing_32,1,['MAKE_1']
Not Available,Bearing_320,1,['MAKE_8']
Not Available,Bearing_321,1,['MAKE_15']
Not Available,Bearing_322,1,['MAKE_1']
Not Available,Bearing_323,1,['MAKE_1']
Not Available,Bearing_324,1,['MAKE_4']
Not Available,Bearing_325,1,['MAKE_1']
Not Available,Bearing_326,1,['MAKE_1']
Not Available,Bearing_327,1,['MAKE_9']
Not Available,Bearing_328,1,['MAKE_1']
Not Available,Bearing_329,1,['MAKE_13']
Not Available,Bearing_33,1,['MAKE_4']
Not Available,Bearing_330,1,['MAKE_1']
Not Available,Bearing_331,1,['MAKE_1']
Not Available,Bearing_332,1,['MAKE_4']
Not Available,Bearing_333,1,['MAKE_1']
Not Available,Bearing_335,1,['MAKE_16']
Not Available,Bearing_336,1,['MAKE_1']
Not Available,Bearing_337,1,['MAKE_1']
Not Available,Bearing_338,1,['MAKE_1']
Not Available,Bearing_339,1,['MAKE_3']
Not Available,Bearing_34,1,['MAKE_1']
Not Available,Bearing_341,1,['MAKE_1']
Not Available,Bearing_342,1,['MAKE_4']
Not Available,Bearing_343,1,['MAKE_4']
Not Available,Bearing_344,1,['MAKE_1']
Not Available,Bearing_345,1,['MAKE_1']
Not Available,Bearing_347,1,['MAKE_7']
Not Available,Bearing_348,1,['MAKE_1']
Not Available,Bearing_349,1,['MAKE_1']
Not Available,Bearing_35,1,['MAKE_1']
Not Available,Bearing_350,1,['MAKE_1']
Not Available,Bearing_352,1,['MAKE_1']
Not Available,Bearing_353,1,['MAKE_4']
Not Available,Bearing_354,1,['MAKE_4']
Not Available,Bearing_355,1,['MAKE_1']
Not Available,Bearing_356,1,['MAKE_5']
Not Available,Bearing_357,1,['MAKE_5']
Not Available,Bearing_358,1,['MAKE_4']
Not Available,Bearing_359,1,['MAKE_1']
Not Available,Bearing_360,1,['MAKE_4']
Not Available,Bearing_362,1,['MAKE_1']
Not Available,Bearing_363,1,['MAKE_7']
Not Available,Bearing_365,1,['MAKE_7']
Not Available,Bearing_367,1,['MAKE_1']
Not Available,Bearing_368,1,['MAKE_3']
Not Available,Bearing_37,1,['MAKE_1']
Not Available,Bearing_370,1,['MAKE_3']
Not Available,Bearing_371,1,['MAKE_1']
Not Available,Bearing_372,1,['MAKE_9']
Not Available,Bearing_373,1,['MAKE_1']
Not Available,Bearing_374,1,['MAKE_4']
Not Available,Bearing_375,1,['MAKE_1']
Not Available,Bearing_376,1,['MAKE_1']
Not Available,Bearing_377,1,['MAKE_1']
Not Available,Bearing_378,1,['MAKE_1']
Not Available,Bearing_379,1,['MAKE_1']
Not Available,Bearing_38,1,['MAKE_1']
Not Available,Bearing_380,1,['MAKE_4']
Not Available,Bearing_381,1,['MAKE_4']
Not Available,Bearing_382,1,['MAKE_4']
Not Available,Bearing_384,1,['MAKE_4']
Not Available,Bearing_385,1,['MAKE_1']
Not Available,Bearing_386,1,['MAKE_4']
Not Available,Bearing_388,1,['MAKE_1']
Not Available,Bearing_389,1,['MAKE_1']
Not Available,Bearing_39,1,['MAKE_4']
Not Available,Bearing_390,1,['MAKE_1']
Not Available,Bearing_391,1,['MAKE_8']
Not Available,Bearing_392,1,['MAKE_9']
Not Available,Bearing_393,1,['MAKE_9']
Not Available,Bearing_394,1,['MAKE_1']
Not Available,Bearing_395,1,['MAKE_5']
Not Available,Bearing_396,1,['MAKE_7']
Not Available,Bearing_397,1,['MAKE_1']
Not Available,Bearing_398,1,['MAKE_1']
Not Available,Bearing_399,1,['MAKE_1']
Not Available,Bearing_4,1,['MAKE_1']
Not Available,Bearing_40,1,['MAKE_1']
Not Available,Bearing_400,1,['MAKE_5']
Not Available,Bearing_401,1,['MAKE_1']
Not Available,Bearing_402,1,['MAKE_1']
Not Available,Bearing_403,1,['MAKE_5']
Not Available,Bearing_404,1,['MAKE_1']
Not Available,Bearing_405,1,['MAKE_1']
Not Available,Bearing_406,1,['MAKE_1']
Not Available,Bearing_407,1,['MAKE_1']
Not Available,Bearing_408,1,['MAKE_1']
Not Available,Bearing_409,1,['MAKE_3']
Not Available,Bearing_41,1,['MAKE_1']
Not Available,Bearing_410,1,['MAKE_1']
Not Available,Bearing_411,1,['MAKE_1']
Not Available,Bearing_412,1,['MAKE_1']
Not Available,Bearing_413,1,['MAKE_1']
Not Available,Bearing_414,1,['MAKE_1']
Not Available,Bearing_415,1,['MAKE_1']
Not Available,Bearing_416,1,['MAKE_5']
Not Available,Bearing_417,1,['MAKE_4']
Not Available,Bearing_418,1,['MAKE_4']
Not Available,Bearing_419,1,['MAKE_1']
Not Available,Bearing_42,1,['MAKE_1']
Not Available,Bearing_420,1,['MAKE_1']
Not Available,Bearing_421,1,['MAKE_4']
Not Available,Bearing_422,1,['MAKE_1']
Not Available,Bearing_423,1,['MAKE_1']
Not Available,Bearing_424,1,['MAKE_1']
Not Available,Bearing_426,1,['MAKE_4']
Not Available,Bearing_427,1,['MAKE_1']
Not Available,Bearing_428,1,['MAKE_4']
Not Available,Bearing_43,1,['MAKE_1']
Not Available,Bearing_430,1,['MAKE_1']
Not Available,Bearing_431,1,['MAKE_6']
Not Available,Bearing_432,1,['MAKE_1']
Not Available,Bearing_433,1,['MAKE_4']
Not Available,Bearing_434,1,['MAKE_1']
Not Available,Bearing_435,1,['MAKE_4']
Not Available,Bearing_436,1,['MAKE_1']
Not Available,Bearing_437,1,['MAKE_4']
Not Available,Bearing_438,1,['MAKE_1']
Not Available,Bearing_439,1,['MAKE_1']
Not Available,Bearing_44,1,['MAKE_1']
Not Available,Bearing_440,1,['MAKE_1']
Not Available,Bearing_441,1,['MAKE_13']
Not Available,Bearing_442,1,['MAKE_1']
Not Available,Bearing_443,1,['MAKE_4']
Not Available,Bearing_445,1,['MAKE_1']
Not Available,Bearing_446,1,['MAKE_7']
Not Available,Bearing_447,1,['MAKE_7']
Not Available,Bearing_448,1,['MAKE_1']
Not Available,Bearing_449,1,['MAKE_1']
Not Available,Bearing_45,1,['MAKE_1']
Not Available,Bearing_450,1,['MAKE_1']
Not Available,Bearing_451,1,['MAKE_9']
Not Available,Bearing_452,1,['MAKE_4']
Not Available,Bearing_453,1,['MAKE_4']
Not Available,Bearing_454,1,['MAKE_1']
Not Available,Bearing_455,1,['MAKE_4']
Not Available,Bearing_456,1,['MAKE_4']
Not Available,Bearing_457,1,['MAKE_1']
Not Available,Bearing_458,1,['MAKE_1']
Not Available,Bearing_459,1,['MAKE_1']
Not Available,Bearing_46,1,['MAKE_1']
Not Available,Bearing_460,1,['MAKE_1']
Not Available,Bearing_461,1,['MAKE_7']
Not Available,Bearing_462,1,['MAKE_1']
Not Available,Bearing_463,1,['MAKE_1']
Not Available,Bearing_464,1,['MAKE_1']
Not Available,Bearing_466,1,['MAKE_1']
Not Available,Bearing_467,1,['MAKE_1']
Not Available,Bearing_468,1,['MAKE_1']
Not Available,Bearing_469,1,['MAKE_1']
Not Available,Bearing_47,1,['MAKE_5']
Not Available,Bearing_470,1,['MAKE_4']
Not Available,Bearing_471,1,['MAKE_4']
Not Available,Bearing_472,1,['MAKE_1']
Not Available,Bearing_473,1,['MAKE_4']
Not Available,Bearing_475,1,['MAKE_4']
Not Available,Bearing_476,1,['MAKE_1']
Not Available,Bearing_478,1,['MAKE_4']
Not Available,Bearing_479,1,['MAKE_4']
Not Available,Bearing_48,1,['MAKE_1']
Not Available,Bearing_481,1,['MAKE_1']
Not Available,Bearing_482,1,['MAKE_1']
Not Available,Bearing_483,1,['MAKE_1']
Not Available,Bearing_484,1,['MAKE_1']
Not Available,Bearing_485,1,['MAKE_4']
Not Available,Bearing_486,1,['MAKE_1']
Not Available,Bearing_487,1,['MAKE_4']
Not Available,Bearing_488,1,['MAKE_1']
Not Available,Bearing_49,1,['MAKE_1']
Not Available,Bearing_490,1,['MAKE_1']
Not Available,Bearing_492,1,['MAKE_1']
Not Available,Bearing_493,1,['MAKE_1']
Not Available,Bearing_494,1,['MAKE_4']
Not Available,Bearing_495,1,['MAKE_1']
Not Available,Bearing_497,1,['MAKE_3']
Not Available,Bearing_499,1,['MAKE_4']
Not Available,Bearing_5,1,['MAKE_1']
Not Available,Bearing_50,1,['MAKE_4']
Not Available,Bearing_500,1,['MAKE_9']
Not Available,Bearing_501,1,['MAKE_1']
Not Available,Bearing_502,1,['MAKE_1']
Not Available,Bearing_503,1,['MAKE_4']
Not Available,Bearing_504,1,['MAKE_1']
Not Available,Bearing_506,1,['MAKE_1']
Not Available,Bearing_507,1,['MAKE_2']
Not Available,Bearing_508,1,['MAKE_1']
Not Available,Bearing_509,1,['MAKE_1']
Not Available,Bearing_51,1,['MAKE_5']
Not Available,Bearing_511,1,['MAKE_1']
Not Available,Bearing_513,1,['MAKE_4']
Not Available,Bearing_514,1,['MAKE_7']
Not Available,Bearing_515,1,['MAKE_1']
Not Available,Bearing_516,1,['MAKE_1']
Not Available,Bearing_518,1,['MAKE_1']
Not Available,Bearing_519,1,['MAKE_1']
Not Available,Bearing_52,1,['MAKE_1']
Not Available,Bearing_520,1,['MAKE_1']
Not Available,Bearing_521,1,['MAKE_1']
Not Available,Bearing_522,1,['MAKE_1']
Not Available,Bearing_523,1,['MAKE_1']
Not Available,Bearing_525,1,['MAKE_1']
Not Available,Bearing_526,1,['MAKE_1']
Not Available,Bearing_527,1,['MAKE_1']
Not Available,Bearing_528,1,['MAKE_3']
Not Available,Bearing_529,1,['MAKE_1']
Not Available,Bearing_53,1,['MAKE_4']
Not Available,Bearing_530,1,['MAKE_3']
Not Available,Bearing_531,1,['MAKE_4']
Not Available,Bearing_533,1,['MAKE_1']
Not Available,Bearing_536,1,['MAKE_1']
Not Available,Bearing_537,1,['MAKE_1']
Not Available,Bearing_538,1,['MAKE_4']
Not Available,Bearing_539,1,['MAKE_4']
Not Available,Bearing_54,1,['MAKE_1']
Not Available,Bearing_540,1,['MAKE_4']
Not Available,Bearing_541,1,['MAKE_1']
Not Available,Bearing_542,1,['MAKE_4']
Not Available,Bearing_543,1,['MAKE_7']
Not Available,Bearing_544,1,['MAKE_6']
Not Available,Bearing_545,1,['MAKE_1']
Not Available,Bearing_546,1,['MAKE_4']
Not Available,Bearing_547,1,['MAKE_1']
Not Available,Bearing_548,1,['MAKE_4']
Not Available,Bearing_549,1,['MAKE_6']
Not Available,Bearing_55,1,['MAKE_4']
Not Available,Bearing_550,1,['MAKE_6']
Not Available,Bearing_551,1,['MAKE_4']
Not Available,Bearing_552,1,['MAKE_1']
Not Available,Bearing_553,1,['MAKE_4']
Not Available,Bearing_554,1,['MAKE_1']
Not Available,Bearing_555,1,['MAKE_2']
Not Available,Bearing_556,1,['MAKE_5']
Not Available,Bearing_557,1,['MAKE_3']
Not Available,Bearing_558,1,['MAKE_4']
Not Available,Bearing_559,1,['MAKE_1']
Not Available,Bearing_560,1,['MAKE_1']
Not Available,Bearing_561,1,['MAKE_1']
Not Available,Bearing_562,1,['MAKE_9']
Not Available,Bearing_564,1,['MAKE_1']
Not Available,Bearing_565,1,['MAKE_1']
Not Available,Bearing_566,1,['MAKE_1']
Not Available,Bearing_567,1,['MAKE_4']
Not Available,Bearing_568,1,['MAKE_4']
Not Available,Bearing_569,1,['MAKE_1']
Not Available,Bearing_57,1,['MAKE_1']
Not Available,Bearing_570,1,['MAKE_8']
Not Available,Bearing_571,1,['MAKE_5']
Not Available,Bearing_572,1,['MAKE_7']
Not Available,Bearing_573,1,['MAKE_1']
Not Available,Bearing_575,1,['MAKE_1']
Not Available,Bearing_576,1,['MAKE_4']
Not Available,Bearing_577,1,['MAKE_1']
Not Available,Bearing_578,1,['MAKE_1']
Not Available,Bearing_579,1,['MAKE_1']
Not Available,Bearing_58,1,['MAKE_1']
Not Available,Bearing_582,1,['MAKE_4']
Not Available,Bearing_583,1,['MAKE_4']
Not Available,Bearing_584,1,['MAKE_4']
Not Available,Bearing_585,1,['MAKE_1']
Not Available,Bearing_587,1,['MAKE_1']
Not Available,Bearing_588,1,['MAKE_1']
Not Available,Bearing_589,1,['MAKE_1']
Not Available,Bearing_59,1,['MAKE_1']
Not Available,Bearing_591,1,['MAKE_4']
Not Available,Bearing_592,1,['MAKE_1']
Not Available,Bearing_593,1,['MAKE_1']
Not Available,Bearing_594,1,['MAKE_1']
Not Available,Bearing_595,1,['MAKE_1']
Not Available,Bearing_597,1,['MAKE_4']
Not Available,Bearing_6,1,['MAKE_1']
Not Available,Bearing_60,1,['MAKE_5']
Not Available,Bearing_600,1,['MAKE_1']
Not Available,Bearing_601,1,['MAKE_1']
Not Available,Bearing_602,1,['MAKE_1']
Not Available,Bearing_603,1,['MAKE_8']
Not Available,Bearing_604,1,['MAKE_6']
Not Available,Bearing_606,1,['MAKE_1']
Not Available,Bearing_608,1,['MAKE_4']
Not Available,Bearing_61,1,['MAKE_4']
Not Available,Bearing_613,1,['MAKE_1']
Not Available,Bearing_614,1,['MAKE_1']
Not Available,Bearing_615,1,['MAKE_3']
Not Available,Bearing_618,1,['MAKE_4']
Not Available,Bearing_62,1,['MAKE_6']
Not Available,Bearing_620,1,['MAKE_1']
Not Available,Bearing_624,1,['MAKE_1']
Not Available,Bearing_625,1,['MAKE_1']
Not Available,Bearing_626,1,['MAKE_8']
Not Available,Bearing_627,1,['MAKE_1']
Not Available,Bearing_629,1,['MAKE_1']
Not Available,Bearing_63,1,['MAKE_1']
Not Available,Bearing_631,1,['MAKE_1']
Not Available,Bearing_634,1,['MAKE_4']
Not Available,Bearing_636,1,['MAKE_1']
Not Available,Bearing_637,1,['MAKE_1']
Not Available,Bearing_639,1,['MAKE_1']
Not Available,Bearing_64,1,['MAKE_1']
Not Available,Bearing_640,1,['MAKE_7']
Not Available,Bearing_641,1,['MAKE_1']
Not Available,Bearing_642,1,['MAKE_8']
Not Available,Bearing_644,1,['MAKE_4']
Not Available,Bearing_646,1,['MAKE_4']
Not Available,Bearing_647,1,['MAKE_4']
Not Available,Bearing_648,1,['MAKE_4']
Not Available,Bearing_649,1,['MAKE_1']
Not Available,Bearing_65,1,['MAKE_4']
Not Available,Bearing_650,1,['MAKE_1']
Not Available,Bearing_651,1,['MAKE_8']
Not Available,Bearing_652,1,['MAKE_4']
Not Available,Bearing_653,1,['MAKE_8']
Not Available,Bearing_656,1,['MAKE_1']
Not Available,Bearing_657,1,['MAKE_4']
Not Available,Bearing_66,1,['MAKE_1']
Not Available,Bearing_663,1,['MAKE_1']
Not Available,Bearing_666,1,['MAKE_1']
Not Available,Bearing_668,1,['MAKE_4']
Not Available,Bearing_669,1,['MAKE_4']
Not Available,Bearing_67,1,['MAKE_1']
Not Available,Bearing_670,1,['MAKE_1']
Not Available,Bearing_671,1,['MAKE_4']
Not Available,Bearing_673,1,['MAKE_1']
Not Available,Bearing_674,1,['MAKE_4']
Not Available,Bearing_675,1,['MAKE_1']
Not Available,Bearing_676,1,['MAKE_1']
Not Available,Bearing_679,1,['MAKE_1']
Not Available,Bearing_68,1,['MAKE_1']
Not Available,Bearing_680,1,['MAKE_13']
Not Available,Bearing_681,1,['MAKE_1']
Not Available,Bearing_682,1,['MAKE_1']
Not Available,Bearing_683,1,['MAKE_1']
Not Available,Bearing_684,1,['MAKE_1']
Not Available,Bearing_687,1,['MAKE_4']
Not Available,Bearing_689,1,['MAKE_1']
Not Available,Bearing_69,1,['MAKE_1']
Not Available,Bearing_690,1,['MAKE_1']
Not Available,Bearing_691,1,['MAKE_1']
Not Available,Bearing_693,1,['MAKE_1']
Not Available,Bearing_695,1,['MAKE_1']
Not Available,Bearing_696,1,['MAKE_1']
Not Available,Bearing_699,1,['MAKE_2']
Not Available,Bearing_7,1,['MAKE_1']
Not Available,Bearing_70,1,['MAKE_1']
Not Available,Bearing_701,1,['MAKE_1']
Not Available,Bearing_702,1,['MAKE_1']
Not Available,Bearing_703,1,['MAKE_1']
Not Available,Bearing_704,1,['MAKE_1']
Not Available,Bearing_705,1,['MAKE_17']
Not Available,Bearing_706,1,['MAKE_1']
Not Available,Bearing_707,1,['MAKE_4']
Not Available,Bearing_708,1,['MAKE_4']
Not Available,Bearing_71,1,['MAKE_4']
Not Available,Bearing_710,1,['MAKE_4']
Not Available,Bearing_712,1,['MAKE_1']
Not Available,Bearing_713,1,['MAKE_1']
Not Available,Bearing_715,1,['MAKE_7']
Not Available,Bearing_716,1,['MAKE_4']
Not Available,Bearing_717,1,['MAKE_1']
Not Available,Bearing_718,1,['MAKE_1']
Not Available,Bearing_719,1,['MAKE_1']
Not Available,Bearing_72,1,['MAKE_1']
Not Available,Bearing_722,1,['MAKE_8']
Not Available,Bearing_724,1,['MAKE_1']
Not Available,Bearing_725,1,['MAKE_1']
Not Available,Bearing_729,1,['MAKE_4']
Not Available,Bearing_73,1,['MAKE_1']
Not Available,Bearing_731,1,['MAKE_4']
Not Available,Bearing_732,1,['MAKE_1']
Not Available,Bearing_733,1,['MAKE_4']
Not Available,Bearing_734,1,['MAKE_4']
Not Available,Bearing_735,1,['MAKE_1']
Not Available,Bearing_736,1,['MAKE_1']
Not Available,Bearing_737,1,['MAKE_1']
Not Available,Bearing_738,1,['MAKE_8']
Not Available,Bearing_74,1,['MAKE_1']
Not Available,Bearing_743,1,['MAKE_4']
Not Available,Bearing_744,1,['MAKE_1']
Not Available,Bearing_745,1,['MAKE_1']
Not Available,Bearing_746,1,['MAKE_1']
Not Available,Bearing_747,1,['MAKE_9']
Not Available,Bearing_748,1,['MAKE_4']
Not Available,Bearing_749,1,['MAKE_4']
Not Available,Bearing_75,1,['MAKE_7']
Not Available,Bearing_750,1,['MAKE_1']
Not Available,Bearing_76,1,['MAKE_4']
Not Available,Bearing_77,1,['MAKE_5']
Not Available,Bearing_78,1,['MAKE_1']
Not Available,Bearing_79,1,['MAKE_4']
Not Available,Bearing_8,1,['MAKE_1']
Not Available,Bearing_80,1,['MAKE_7']
Not Available,Bearing_81,1,['MAKE_4']
Not Available,Bearing_82,1,['MAKE_1']
Not Available,Bearing_84,1,['MAKE_1']
Not Available,Bearing_85,1,['MAKE_1']
Not Available,Bearing_86,1,['MAKE_1']
Not Available,Bearing_87,1,['MAKE_4']
Not Available,Bearing_88,1,['MAKE_1']
Not Available,Bearing_89,1,['MAKE_4']
Not Available,Bearing_9,1,['MAKE_3']
Not Available,Bearing_90,1,['MAKE_1']
Not Available,Bearing_91,1,['MAKE_1']
Not Available,Bearing_92,1,['MAKE_3']
Not Available,Bearing_93,1,['MAKE_1']
Not Available,Bearing_94,1,['MAKE_1']
Not Available,Bearing_95,1,['MAKE_4']
Not Available,Bearing_96,1,['MAKE_1']
Not Available,Bearing_98,1,['MAKE_1']
Not Available,Bearing_99,1,['MAKE_1']
Ring Oil & Flooded Lubrication,Bearing_190,1,['MAKE_1']
Self Lubrication,Bearing_100,1,['MAKE_4']
Self Lubrication,Bearing_226,1,['MAKE_4']
Self Lubrication,Bearing_280,1,['MAKE_1']
Self Lubrication,Bearing_294,1,['MAKE_1']
Self Lubrication,Bearing_302,1,['MAKE_4']
Self Lubrication,Bearing_361,1,['MAKE_4']
Self Lubrication,Bearing_379,1,['MAKE_1']
Self Lubrication,Bearing_383,1,['MAKE_9']
Self Lubrication,Bearing_387,1,['MAKE_4']
Self Lubrication,Bearing_571,1,['MAKE_5']
Self Lubrication,Bearing_591,1,['MAKE_4']
Self Lubrication,Bearing_628,1,['MAKE_7']
Self Lubrication,Bearing_643,1,['MAKE_1']
Self Lubrication,Bearing_711,1,['MAKE_4']
Self Lubrication,Bearing_739,1,['MAKE_1']
Self Lubrication,Bearing_77,1,['MAKE_5']
Shield/Sealed Bearing,Bearing_155,1,['MAKE_4']
Shield/Sealed Bearing,Bearing_157,1,['MAKE_1']
Shield/Sealed Bearing,Bearing_183,1,['MAKE_4']
Shield/Sealed Bearing,Bearing_184,1,['MAKE_1']
Shield/Sealed Bearing,Bearing_186,1,['MAKE_7']
Shield/Sealed Bearing,Bearing_188,1,['MAKE_7']
Shield/Sealed Bearing,Bearing_20,1,['MAKE_4']
Shield/Sealed Bearing,Bearing_203,1,['MAKE_1']
Shield/Sealed Bearing,Bearing_219,1,['MAKE_1']
Shield/Sealed Bearing,Bearing_228,1,['MAKE_1']
Shield/Sealed Bearing,Bearing_505,1,['MAKE_4']
Shield/Sealed Bearing,Bearing_662,1,['MAKE_1']
Shield/Sealed Bearing,Bearing_721,1,['MAKE_1']
Splash Oil Feed Lubrication,Bearing_111,1,['MAKE_1']
Splash Oil Feed Lubrication,Bearing_224,1,['MAKE_12']
Splash Oil Feed Lubrication,Bearing_41,1,['MAKE_1']
Splash Oil Feed Lubrication,Bearing_427,1,['MAKE_1']
