industry_type,bearing_type_assigned_1,num_bearing_makes,bearing_makes
INDUSTRY_1,Bearing_1,1,['MAKE_1']
INDUSTRY_1,Bearing_10,1,['MAKE_1']
INDUSTRY_1,Bearing_100,1,['MAKE_4']
INDUSTRY_1,Bearing_103,1,['MAKE_1']
INDUSTRY_1,Bearing_105,1,['MAKE_1']
INDUSTRY_1,Bearing_107,1,['MAKE_1']
INDUSTRY_1,Bearing_109,1,['MAKE_1']
INDUSTRY_1,Bearing_11,1,['MAKE_4']
INDUSTRY_1,Bearing_112,1,['MAKE_4']
INDUSTRY_1,Bearing_113,1,['MAKE_8']
INDUSTRY_1,Bearing_114,1,['MAKE_4']
INDUSTRY_1,Bearing_115,1,['MAKE_1']
INDUSTRY_1,Bearing_118,1,['MAKE_7']
INDUSTRY_1,Bearing_119,1,['MAKE_1']
INDUSTRY_1,Bearing_12,1,['MAKE_1']
INDUSTRY_1,Bearing_122,1,['MAKE_1']
INDUSTRY_1,Bearing_124,1,['MAKE_1']
INDUSTRY_1,Bearing_129,1,['MAKE_1']
INDUSTRY_1,Bearing_13,1,['MAKE_1']
INDUSTRY_1,Bearing_132,1,['MAKE_1']
INDUSTRY_1,Bearing_136,1,['MAKE_4']
INDUSTRY_1,Bearing_14,1,['MAKE_1']
INDUSTRY_1,Bearing_140,1,['MAKE_1']
INDUSTRY_1,Bearing_141,1,['MAKE_5']
INDUSTRY_1,Bearing_143,1,['MAKE_1']
INDUSTRY_1,Bearing_147,1,['MAKE_5']
INDUSTRY_1,Bearing_148,1,['MAKE_6']
INDUSTRY_1,Bearing_15,1,['MAKE_5']
INDUSTRY_1,Bearing_152,1,['MAKE_1']
INDUSTRY_1,Bearing_160,1,['MAKE_1']
INDUSTRY_1,Bearing_161,1,['MAKE_1']
INDUSTRY_1,Bearing_163,1,['MAKE_1']
INDUSTRY_1,Bearing_168,1,['MAKE_9']
INDUSTRY_1,Bearing_170,1,['MAKE_4']
INDUSTRY_1,Bearing_173,1,['MAKE_1']
INDUSTRY_1,Bearing_176,1,['MAKE_1']
INDUSTRY_1,Bearing_178,1,['MAKE_4']
INDUSTRY_1,Bearing_18,1,['MAKE_1']
INDUSTRY_1,Bearing_180,1,['MAKE_1']
INDUSTRY_1,Bearing_182,1,['MAKE_1']
INDUSTRY_1,Bearing_187,1,['MAKE_1']
INDUSTRY_1,Bearing_19,1,['MAKE_1']
INDUSTRY_1,Bearing_190,1,['MAKE_1']
INDUSTRY_1,Bearing_194,1,['MAKE_1']
INDUSTRY_1,Bearing_198,1,['MAKE_1']
INDUSTRY_1,Bearing_199,1,['MAKE_1']
INDUSTRY_1,Bearing_20,1,['MAKE_4']
INDUSTRY_1,Bearing_205,1,['MAKE_4']
INDUSTRY_1,Bearing_206,1,['MAKE_4']
INDUSTRY_1,Bearing_207,1,['MAKE_1']
INDUSTRY_1,Bearing_21,1,['MAKE_4']
INDUSTRY_1,Bearing_215,1,['MAKE_4']
INDUSTRY_1,Bearing_218,1,['MAKE_1']
INDUSTRY_1,Bearing_219,1,['MAKE_1']
INDUSTRY_1,Bearing_22,1,['MAKE_1']
INDUSTRY_1,Bearing_220,1,['MAKE_1']
INDUSTRY_1,Bearing_222,1,['MAKE_1']
INDUSTRY_1,Bearing_224,1,['MAKE_12']
INDUSTRY_1,Bearing_225,1,['MAKE_4']
INDUSTRY_1,Bearing_226,1,['MAKE_4']
INDUSTRY_1,Bearing_227,1,['MAKE_1']
INDUSTRY_1,Bearing_228,1,['MAKE_1']
INDUSTRY_1,Bearing_23,1,['MAKE_1']
INDUSTRY_1,Bearing_231,1,['MAKE_4']
INDUSTRY_1,Bearing_237,1,['MAKE_1']
INDUSTRY_1,Bearing_238,1,['MAKE_1']
INDUSTRY_1,Bearing_24,1,['MAKE_4']
INDUSTRY_1,Bearing_240,1,['MAKE_1']
INDUSTRY_1,Bearing_241,1,['MAKE_1']
INDUSTRY_1,Bearing_242,1,['MAKE_5']
INDUSTRY_1,Bearing_243,1,['MAKE_1']
INDUSTRY_1,Bearing_247,1,['MAKE_1']
INDUSTRY_1,Bearing_249,1,['MAKE_1']
INDUSTRY_1,Bearing_250,1,['MAKE_4']
INDUSTRY_1,Bearing_251,1,['MAKE_1']
INDUSTRY_1,Bearing_252,1,['MAKE_1']
INDUSTRY_1,Bearing_254,1,['MAKE_1']
INDUSTRY_1,Bearing_256,1,['MAKE_1']
INDUSTRY_1,Bearing_26,1,['MAKE_1']
INDUSTRY_1,Bearing_266,1,['MAKE_1']
INDUSTRY_1,Bearing_269,1,['MAKE_1']
INDUSTRY_1,Bearing_27,1,['MAKE_1']
INDUSTRY_1,Bearing_273,1,['MAKE_4']
INDUSTRY_1,Bearing_275,1,['MAKE_3']
INDUSTRY_1,Bearing_276,1,['MAKE_6']
INDUSTRY_1,Bearing_280,1,['MAKE_1']
INDUSTRY_1,Bearing_289,1,['MAKE_1']
INDUSTRY_1,Bearing_293,1,['MAKE_4']
INDUSTRY_1,Bearing_294,1,['MAKE_1']
INDUSTRY_1,Bearing_298,1,['MAKE_1']
INDUSTRY_1,Bearing_3,1,['MAKE_1']
INDUSTRY_1,Bearing_300,1,['MAKE_1']
INDUSTRY_1,Bearing_301,1,['MAKE_7']
INDUSTRY_1,Bearing_302,1,['MAKE_4']
INDUSTRY_1,Bearing_304,1,['MAKE_6']
INDUSTRY_1,Bearing_305,1,['MAKE_5']
INDUSTRY_1,Bearing_307,1,['MAKE_1']
INDUSTRY_1,Bearing_308,1,['MAKE_5']
INDUSTRY_1,Bearing_311,1,['MAKE_3']
INDUSTRY_1,Bearing_312,1,['MAKE_13']
INDUSTRY_1,Bearing_314,1,['MAKE_4']
INDUSTRY_1,Bearing_315,1,['MAKE_1']
INDUSTRY_1,Bearing_32,1,['MAKE_1']
INDUSTRY_1,Bearing_323,1,['MAKE_1']
INDUSTRY_1,Bearing_326,1,['MAKE_1']
INDUSTRY_1,Bearing_328,1,['MAKE_1']
INDUSTRY_1,Bearing_33,1,['MAKE_4']
INDUSTRY_1,Bearing_333,1,['MAKE_1']
INDUSTRY_1,Bearing_337,1,['MAKE_1']
INDUSTRY_1,Bearing_339,1,['MAKE_3']
INDUSTRY_1,Bearing_34,1,['MAKE_1']
INDUSTRY_1,Bearing_348,1,['MAKE_1']
INDUSTRY_1,Bearing_35,1,['MAKE_1']
INDUSTRY_1,Bearing_350,1,['MAKE_1']
INDUSTRY_1,Bearing_352,1,['MAKE_1']
INDUSTRY_1,Bearing_354,1,['MAKE_4']
INDUSTRY_1,Bearing_359,1,['MAKE_1']
INDUSTRY_1,Bearing_360,1,['MAKE_4']
INDUSTRY_1,Bearing_367,1,['MAKE_1']
INDUSTRY_1,Bearing_368,1,['MAKE_3']
INDUSTRY_1,Bearing_37,1,['MAKE_1']
INDUSTRY_1,Bearing_379,1,['MAKE_1']
INDUSTRY_1,Bearing_384,1,['MAKE_4']
INDUSTRY_1,Bearing_386,1,['MAKE_4']
INDUSTRY_1,Bearing_387,1,['MAKE_4']
INDUSTRY_1,Bearing_39,1,['MAKE_4']
INDUSTRY_1,Bearing_395,1,['MAKE_5']
INDUSTRY_1,Bearing_396,1,['MAKE_7']
INDUSTRY_1,Bearing_399,1,['MAKE_1']
INDUSTRY_1,Bearing_4,1,['MAKE_1']
INDUSTRY_1,Bearing_400,1,['MAKE_5']
INDUSTRY_1,Bearing_402,1,['MAKE_1']
INDUSTRY_1,Bearing_403,1,['MAKE_5']
INDUSTRY_1,Bearing_41,1,['MAKE_1']
INDUSTRY_1,Bearing_410,1,['MAKE_1']
INDUSTRY_1,Bearing_411,1,['MAKE_1']
INDUSTRY_1,Bearing_413,1,['MAKE_1']
INDUSTRY_1,Bearing_415,1,['MAKE_1']
INDUSTRY_1,Bearing_416,1,['MAKE_5']
INDUSTRY_1,Bearing_417,1,['MAKE_4']
INDUSTRY_1,Bearing_423,1,['MAKE_1']
INDUSTRY_1,Bearing_424,1,['MAKE_1']
INDUSTRY_1,Bearing_425,1,['MAKE_7']
INDUSTRY_1,Bearing_427,1,['MAKE_1']
INDUSTRY_1,Bearing_428,1,['MAKE_4']
INDUSTRY_1,Bearing_429,1,['MAKE_4']
INDUSTRY_1,Bearing_43,1,['MAKE_1']
INDUSTRY_1,Bearing_430,1,['MAKE_1']
INDUSTRY_1,Bearing_435,1,['MAKE_4']
INDUSTRY_1,Bearing_438,1,['MAKE_1']
INDUSTRY_1,Bearing_44,1,['MAKE_1']
INDUSTRY_1,Bearing_445,1,['MAKE_1']
INDUSTRY_1,Bearing_448,1,['MAKE_1']
INDUSTRY_1,Bearing_459,1,['MAKE_1']
INDUSTRY_1,Bearing_46,1,['MAKE_1']
INDUSTRY_1,Bearing_460,1,['MAKE_1']
INDUSTRY_1,Bearing_465,1,['MAKE_4']
INDUSTRY_1,Bearing_466,1,['MAKE_1']
INDUSTRY_1,Bearing_47,1,['MAKE_5']
INDUSTRY_1,Bearing_473,1,['MAKE_4']
INDUSTRY_1,Bearing_474,1,['MAKE_4']
INDUSTRY_1,Bearing_48,1,['MAKE_1']
INDUSTRY_1,Bearing_483,1,['MAKE_1']
INDUSTRY_1,Bearing_486,1,['MAKE_1']
INDUSTRY_1,Bearing_487,1,['MAKE_4']
INDUSTRY_1,Bearing_489,1,['MAKE_3']
INDUSTRY_1,Bearing_49,1,['MAKE_1']
INDUSTRY_1,Bearing_490,1,['MAKE_1']
INDUSTRY_1,Bearing_494,1,['MAKE_4']
INDUSTRY_1,Bearing_497,1,['MAKE_3']
INDUSTRY_1,Bearing_498,1,['MAKE_4']
INDUSTRY_1,Bearing_5,1,['MAKE_1']
INDUSTRY_1,Bearing_506,1,['MAKE_1']
INDUSTRY_1,Bearing_51,1,['MAKE_5']
INDUSTRY_1,Bearing_510,1,['MAKE_1']
INDUSTRY_1,Bearing_512,1,['MAKE_3']
INDUSTRY_1,Bearing_515,1,['MAKE_1']
INDUSTRY_1,Bearing_516,1,['MAKE_1']
INDUSTRY_1,Bearing_518,1,['MAKE_1']
INDUSTRY_1,Bearing_52,1,['MAKE_1']
INDUSTRY_1,Bearing_524,1,['MAKE_2']
INDUSTRY_1,Bearing_526,1,['MAKE_1']
INDUSTRY_1,Bearing_527,1,['MAKE_1']
INDUSTRY_1,Bearing_528,1,['MAKE_3']
INDUSTRY_1,Bearing_53,1,['MAKE_4']
INDUSTRY_1,Bearing_530,1,['MAKE_3']
INDUSTRY_1,Bearing_535,1,['MAKE_4']
INDUSTRY_1,Bearing_542,1,['MAKE_4']
INDUSTRY_1,Bearing_55,1,['MAKE_4']
INDUSTRY_1,Bearing_554,1,['MAKE_1']
INDUSTRY_1,Bearing_561,1,['MAKE_1']
INDUSTRY_1,Bearing_563,1,['MAKE_4']
INDUSTRY_1,Bearing_566,1,['MAKE_1']
INDUSTRY_1,Bearing_57,1,['MAKE_1']
INDUSTRY_1,Bearing_570,1,['MAKE_8']
INDUSTRY_1,Bearing_58,1,['MAKE_1']
INDUSTRY_1,Bearing_580,1,['MAKE_4']
INDUSTRY_1,Bearing_588,1,['MAKE_1']
INDUSTRY_1,Bearing_59,1,['MAKE_1']
INDUSTRY_1,Bearing_590,1,['MAKE_7']
INDUSTRY_1,Bearing_591,1,['MAKE_4']
INDUSTRY_1,Bearing_593,1,['MAKE_1']
INDUSTRY_1,Bearing_594,1,['MAKE_1']
INDUSTRY_1,Bearing_595,1,['MAKE_1']
INDUSTRY_1,Bearing_599,1,['MAKE_6']
INDUSTRY_1,Bearing_6,1,['MAKE_1']
INDUSTRY_1,Bearing_60,1,['MAKE_5']
INDUSTRY_1,Bearing_601,1,['MAKE_1']
INDUSTRY_1,Bearing_605,1,['MAKE_1']
INDUSTRY_1,Bearing_61,1,['MAKE_4']
INDUSTRY_1,Bearing_62,1,['MAKE_6']
INDUSTRY_1,Bearing_625,1,['MAKE_1']
INDUSTRY_1,Bearing_628,1,['MAKE_7']
INDUSTRY_1,Bearing_63,1,['MAKE_1']
INDUSTRY_1,Bearing_632,1,['MAKE_1']
INDUSTRY_1,Bearing_638,1,['MAKE_7']
INDUSTRY_1,Bearing_645,1,['MAKE_1']
INDUSTRY_1,Bearing_653,1,['MAKE_8']
INDUSTRY_1,Bearing_654,1,['MAKE_1']
INDUSTRY_1,Bearing_66,1,['MAKE_1']
INDUSTRY_1,Bearing_664,1,['MAKE_1']
INDUSTRY_1,Bearing_665,1,['MAKE_1']
INDUSTRY_1,Bearing_666,1,['MAKE_1']
INDUSTRY_1,Bearing_667,1,['MAKE_1']
INDUSTRY_1,Bearing_669,1,['MAKE_4']
INDUSTRY_1,Bearing_673,1,['MAKE_1']
INDUSTRY_1,Bearing_675,1,['MAKE_1']
INDUSTRY_1,Bearing_689,1,['MAKE_1']
INDUSTRY_1,Bearing_69,1,['MAKE_1']
INDUSTRY_1,Bearing_690,1,['MAKE_1']
INDUSTRY_1,Bearing_693,1,['MAKE_1']
INDUSTRY_1,Bearing_703,1,['MAKE_1']
INDUSTRY_1,Bearing_704,1,['MAKE_1']
INDUSTRY_1,Bearing_706,1,['MAKE_1']
INDUSTRY_1,Bearing_707,1,['MAKE_4']
INDUSTRY_1,Bearing_712,1,['MAKE_1']
INDUSTRY_1,Bearing_713,1,['MAKE_1']
INDUSTRY_1,Bearing_717,1,['MAKE_1']
INDUSTRY_1,Bearing_720,1,['MAKE_1']
INDUSTRY_1,Bearing_723,1,['MAKE_3']
INDUSTRY_1,Bearing_729,1,['MAKE_4']
INDUSTRY_1,Bearing_730,1,['MAKE_4']
INDUSTRY_1,Bearing_732,1,['MAKE_1']
INDUSTRY_1,Bearing_733,1,['MAKE_4']
INDUSTRY_1,Bearing_734,1,['MAKE_4']
INDUSTRY_1,Bearing_737,1,['MAKE_1']
INDUSTRY_1,Bearing_739,1,['MAKE_1']
INDUSTRY_1,Bearing_744,1,['MAKE_1']
INDUSTRY_1,Bearing_745,1,['MAKE_1']
INDUSTRY_1,Bearing_77,1,['MAKE_5']
INDUSTRY_1,Bearing_79,1,['MAKE_4']
INDUSTRY_1,Bearing_8,1,['MAKE_1']
INDUSTRY_1,Bearing_81,1,['MAKE_4']
INDUSTRY_1,Bearing_82,1,['MAKE_1']
INDUSTRY_1,Bearing_84,1,['MAKE_1']
INDUSTRY_1,Bearing_86,1,['MAKE_1']
INDUSTRY_1,Bearing_91,1,['MAKE_1']
INDUSTRY_1,Bearing_93,1,['MAKE_1']
INDUSTRY_1,Bearing_94,1,['MAKE_1']
INDUSTRY_1,Bearing_95,1,['MAKE_4']
INDUSTRY_1,Bearing_96,1,['MAKE_1']
INDUSTRY_10,Bearing_145,1,['MAKE_4']
INDUSTRY_10,Bearing_154,1,['MAKE_1']
INDUSTRY_10,Bearing_156,1,['MAKE_1']
INDUSTRY_10,Bearing_161,1,['MAKE_1']
INDUSTRY_10,Bearing_164,1,['MAKE_1']
INDUSTRY_10,Bearing_173,1,['MAKE_1']
INDUSTRY_10,Bearing_176,1,['MAKE_1']
INDUSTRY_10,Bearing_182,1,['MAKE_1']
INDUSTRY_10,Bearing_184,1,['MAKE_1']
INDUSTRY_10,Bearing_208,1,['MAKE_1']
INDUSTRY_10,Bearing_22,1,['MAKE_1']
INDUSTRY_10,Bearing_23,1,['MAKE_1']
INDUSTRY_10,Bearing_279,1,['MAKE_1']
INDUSTRY_10,Bearing_287,1,['MAKE_1']
INDUSTRY_10,Bearing_306,1,['MAKE_5']
INDUSTRY_10,Bearing_322,1,['MAKE_1']
INDUSTRY_10,Bearing_357,1,['MAKE_5']
INDUSTRY_10,Bearing_361,1,['MAKE_4']
INDUSTRY_10,Bearing_397,1,['MAKE_1']
INDUSTRY_10,Bearing_41,1,['MAKE_1']
INDUSTRY_10,Bearing_423,1,['MAKE_1']
INDUSTRY_10,Bearing_424,1,['MAKE_1']
INDUSTRY_10,Bearing_466,1,['MAKE_1']
INDUSTRY_10,Bearing_467,1,['MAKE_1']
INDUSTRY_10,Bearing_499,1,['MAKE_4']
INDUSTRY_10,Bearing_504,1,['MAKE_1']
INDUSTRY_10,Bearing_52,1,['MAKE_1']
INDUSTRY_10,Bearing_526,1,['MAKE_1']
INDUSTRY_10,Bearing_531,1,['MAKE_4']
INDUSTRY_10,Bearing_556,1,['MAKE_5']
INDUSTRY_10,Bearing_564,1,['MAKE_1']
INDUSTRY_10,Bearing_571,1,['MAKE_5']
INDUSTRY_10,Bearing_591,1,['MAKE_4']
INDUSTRY_10,Bearing_61,1,['MAKE_4']
INDUSTRY_10,Bearing_64,1,['MAKE_1']
INDUSTRY_10,Bearing_648,1,['MAKE_4']
INDUSTRY_10,Bearing_649,1,['MAKE_1']
INDUSTRY_10,Bearing_651,1,['MAKE_8']
INDUSTRY_10,Bearing_671,1,['MAKE_4']
INDUSTRY_10,Bearing_696,1,['MAKE_1']
INDUSTRY_10,Bearing_705,1,['MAKE_17']
INDUSTRY_10,Bearing_711,1,['MAKE_4']
INDUSTRY_10,Bearing_721,1,['MAKE_1']
INDUSTRY_10,Bearing_722,1,['MAKE_8']
INDUSTRY_10,Bearing_743,1,['MAKE_4']
INDUSTRY_10,Bearing_77,1,['MAKE_5']
INDUSTRY_10,Bearing_81,1,['MAKE_4']
INDUSTRY_10,Bearing_88,1,['MAKE_1']
INDUSTRY_10,Bearing_89,1,['MAKE_4']
INDUSTRY_10,Bearing_96,1,['MAKE_1']
INDUSTRY_11,Bearing_102,1,['MAKE_1']
INDUSTRY_11,Bearing_115,1,['MAKE_1']
INDUSTRY_11,Bearing_119,1,['MAKE_1']
INDUSTRY_11,Bearing_12,1,['MAKE_1']
INDUSTRY_11,Bearing_156,1,['MAKE_1']
INDUSTRY_11,Bearing_171,1,['MAKE_1']
INDUSTRY_11,Bearing_203,1,['MAKE_1']
INDUSTRY_11,Bearing_228,1,['MAKE_1']
INDUSTRY_11,Bearing_26,1,['MAKE_1']
INDUSTRY_11,Bearing_260,1,['MAKE_14']
INDUSTRY_11,Bearing_267,1,['MAKE_4']
INDUSTRY_11,Bearing_293,1,['MAKE_4']
INDUSTRY_11,Bearing_332,1,['MAKE_4']
INDUSTRY_11,Bearing_340,1,['MAKE_3']
INDUSTRY_11,Bearing_370,1,['MAKE_3']
INDUSTRY_11,Bearing_377,1,['MAKE_1']
INDUSTRY_11,Bearing_38,1,['MAKE_1']
INDUSTRY_11,Bearing_406,1,['MAKE_1']
INDUSTRY_11,Bearing_412,1,['MAKE_1']
INDUSTRY_11,Bearing_475,1,['MAKE_4']
INDUSTRY_11,Bearing_476,1,['MAKE_1']
INDUSTRY_11,Bearing_481,1,['MAKE_1']
INDUSTRY_11,Bearing_49,1,['MAKE_1']
INDUSTRY_11,Bearing_513,1,['MAKE_4']
INDUSTRY_11,Bearing_578,1,['MAKE_1']
INDUSTRY_11,Bearing_585,1,['MAKE_1']
INDUSTRY_11,Bearing_630,1,['MAKE_1']
INDUSTRY_11,Bearing_631,1,['MAKE_1']
INDUSTRY_11,Bearing_658,1,['MAKE_1']
INDUSTRY_11,Bearing_714,1,['MAKE_16']
INDUSTRY_11,Bearing_75,1,['MAKE_7']
INDUSTRY_11,Bearing_76,1,['MAKE_4']
INDUSTRY_11,Bearing_88,1,['MAKE_1']
INDUSTRY_11,Bearing_91,1,['MAKE_1']
INDUSTRY_11,Bearing_93,1,['MAKE_1']
INDUSTRY_12,Bearing_22,1,['MAKE_1']
INDUSTRY_12,Bearing_225,1,['MAKE_4']
INDUSTRY_12,Bearing_228,1,['MAKE_1']
INDUSTRY_12,Bearing_277,1,['MAKE_6']
INDUSTRY_12,Bearing_292,1,['MAKE_1']
INDUSTRY_12,Bearing_296,1,['MAKE_1']
INDUSTRY_12,Bearing_300,1,['MAKE_1']
INDUSTRY_12,Bearing_303,1,['MAKE_1']
INDUSTRY_12,Bearing_375,1,['MAKE_1']
INDUSTRY_12,Bearing_414,1,['MAKE_1']
INDUSTRY_12,Bearing_449,1,['MAKE_1']
INDUSTRY_12,Bearing_478,1,['MAKE_4']
INDUSTRY_12,Bearing_519,1,['MAKE_1']
INDUSTRY_12,Bearing_52,1,['MAKE_1']
INDUSTRY_12,Bearing_597,1,['MAKE_4']
INDUSTRY_12,Bearing_600,1,['MAKE_1']
INDUSTRY_12,Bearing_636,1,['MAKE_1']
INDUSTRY_12,Bearing_637,1,['MAKE_1']
INDUSTRY_12,Bearing_87,1,['MAKE_4']
INDUSTRY_13,Bearing_115,1,['MAKE_1']
INDUSTRY_13,Bearing_144,1,['MAKE_4']
INDUSTRY_13,Bearing_183,1,['MAKE_4']
INDUSTRY_13,Bearing_200,1,['MAKE_4']
INDUSTRY_13,Bearing_204,1,['MAKE_1']
INDUSTRY_13,Bearing_221,1,['MAKE_4']
INDUSTRY_13,Bearing_225,1,['MAKE_4']
INDUSTRY_13,Bearing_258,1,['MAKE_4']
INDUSTRY_13,Bearing_284,1,['MAKE_4']
INDUSTRY_13,Bearing_38,1,['MAKE_1']
INDUSTRY_13,Bearing_386,1,['MAKE_4']
INDUSTRY_13,Bearing_39,1,['MAKE_4']
INDUSTRY_13,Bearing_48,1,['MAKE_1']
INDUSTRY_13,Bearing_52,1,['MAKE_1']
INDUSTRY_13,Bearing_61,1,['MAKE_4']
INDUSTRY_16,Bearing_384,1,['MAKE_4']
INDUSTRY_16,Bearing_47,1,['MAKE_5']
INDUSTRY_16,Bearing_508,1,['MAKE_1']
INDUSTRY_16,Bearing_55,1,['MAKE_4']
INDUSTRY_16,Bearing_621,1,['MAKE_4']
INDUSTRY_16,Bearing_622,1,['MAKE_1']
INDUSTRY_16,Bearing_623,1,['MAKE_1']
INDUSTRY_17,Bearing_749,1,['MAKE_4']
INDUSTRY_2,Bearing_109,1,['MAKE_1']
INDUSTRY_2,Bearing_12,1,['MAKE_1']
INDUSTRY_2,Bearing_135,1,['MAKE_4']
INDUSTRY_2,Bearing_144,1,['MAKE_4']
INDUSTRY_2,Bearing_148,1,['MAKE_6']
INDUSTRY_2,Bearing_159,1,['MAKE_6']
INDUSTRY_2,Bearing_173,1,['MAKE_1']
INDUSTRY_2,Bearing_179,1,['MAKE_1']
INDUSTRY_2,Bearing_2,1,['MAKE_2']
INDUSTRY_2,Bearing_261,1,['MAKE_15']
INDUSTRY_2,Bearing_262,1,['MAKE_4']
INDUSTRY_2,Bearing_277,1,['MAKE_6']
INDUSTRY_2,Bearing_299,1,['MAKE_1']
INDUSTRY_2,Bearing_303,1,['MAKE_1']
INDUSTRY_2,Bearing_31,1,['MAKE_5']
INDUSTRY_2,Bearing_325,1,['MAKE_1']
INDUSTRY_2,Bearing_343,1,['MAKE_4']
INDUSTRY_2,Bearing_349,1,['MAKE_1']
INDUSTRY_2,Bearing_401,1,['MAKE_1']
INDUSTRY_2,Bearing_408,1,['MAKE_1']
INDUSTRY_2,Bearing_418,1,['MAKE_4']
INDUSTRY_2,Bearing_43,1,['MAKE_1']
INDUSTRY_2,Bearing_430,1,['MAKE_1']
INDUSTRY_2,Bearing_45,1,['MAKE_1']
INDUSTRY_2,Bearing_52,1,['MAKE_1']
INDUSTRY_2,Bearing_544,1,['MAKE_6']
INDUSTRY_2,Bearing_549,1,['MAKE_6']
INDUSTRY_2,Bearing_550,1,['MAKE_6']
INDUSTRY_2,Bearing_552,1,['MAKE_1']
INDUSTRY_2,Bearing_559,1,['MAKE_1']
INDUSTRY_2,Bearing_592,1,['MAKE_1']
INDUSTRY_2,Bearing_652,1,['MAKE_4']
INDUSTRY_2,Bearing_657,1,['MAKE_4']
INDUSTRY_2,Bearing_678,1,['MAKE_1']
INDUSTRY_2,Bearing_679,1,['MAKE_1']
INDUSTRY_2,Bearing_680,1,['MAKE_13']
INDUSTRY_2,Bearing_698,1,['MAKE_4']
INDUSTRY_2,Bearing_71,1,['MAKE_4']
INDUSTRY_2,Bearing_716,1,['MAKE_4']
INDUSTRY_2,Bearing_719,1,['MAKE_1']
INDUSTRY_2,Bearing_73,1,['MAKE_1']
INDUSTRY_2,Bearing_93,1,['MAKE_1']
INDUSTRY_3,Bearing_101,1,['MAKE_1']
INDUSTRY_3,Bearing_104,1,['MAKE_1']
INDUSTRY_3,Bearing_123,1,['MAKE_1']
INDUSTRY_3,Bearing_134,1,['MAKE_4']
INDUSTRY_3,Bearing_140,1,['MAKE_1']
INDUSTRY_3,Bearing_144,1,['MAKE_4']
INDUSTRY_3,Bearing_150,1,['MAKE_1']
INDUSTRY_3,Bearing_155,1,['MAKE_4']
INDUSTRY_3,Bearing_16,1,['MAKE_1']
INDUSTRY_3,Bearing_161,1,['MAKE_1']
INDUSTRY_3,Bearing_162,1,['MAKE_1']
INDUSTRY_3,Bearing_165,1,['MAKE_4']
INDUSTRY_3,Bearing_166,1,['MAKE_4']
INDUSTRY_3,Bearing_17,1,['MAKE_1']
INDUSTRY_3,Bearing_172,1,['MAKE_1']
INDUSTRY_3,Bearing_178,1,['MAKE_4']
INDUSTRY_3,Bearing_185,1,['MAKE_4']
INDUSTRY_3,Bearing_191,1,['MAKE_4']
INDUSTRY_3,Bearing_192,1,['MAKE_4']
INDUSTRY_3,Bearing_22,1,['MAKE_1']
INDUSTRY_3,Bearing_23,1,['MAKE_1']
INDUSTRY_3,Bearing_235,1,['MAKE_1']
INDUSTRY_3,Bearing_236,1,['MAKE_1']
INDUSTRY_3,Bearing_24,1,['MAKE_4']
INDUSTRY_3,Bearing_242,1,['MAKE_5']
INDUSTRY_3,Bearing_246,1,['MAKE_1']
INDUSTRY_3,Bearing_248,1,['MAKE_1']
INDUSTRY_3,Bearing_25,1,['MAKE_1']
INDUSTRY_3,Bearing_256,1,['MAKE_1']
INDUSTRY_3,Bearing_26,1,['MAKE_1']
INDUSTRY_3,Bearing_27,1,['MAKE_1']
INDUSTRY_3,Bearing_289,1,['MAKE_1']
INDUSTRY_3,Bearing_29,1,['MAKE_1']
INDUSTRY_3,Bearing_3,1,['MAKE_1']
INDUSTRY_3,Bearing_30,1,['MAKE_1']
INDUSTRY_3,Bearing_310,1,['MAKE_8']
INDUSTRY_3,Bearing_318,1,['MAKE_1']
INDUSTRY_3,Bearing_327,1,['MAKE_9']
INDUSTRY_3,Bearing_332,1,['MAKE_4']
INDUSTRY_3,Bearing_371,1,['MAKE_1']
INDUSTRY_3,Bearing_374,1,['MAKE_4']
INDUSTRY_3,Bearing_382,1,['MAKE_4']
INDUSTRY_3,Bearing_386,1,['MAKE_4']
INDUSTRY_3,Bearing_391,1,['MAKE_8']
INDUSTRY_3,Bearing_400,1,['MAKE_5']
INDUSTRY_3,Bearing_407,1,['MAKE_1']
INDUSTRY_3,Bearing_410,1,['MAKE_1']
INDUSTRY_3,Bearing_438,1,['MAKE_1']
INDUSTRY_3,Bearing_440,1,['MAKE_1']
INDUSTRY_3,Bearing_441,1,['MAKE_13']
INDUSTRY_3,Bearing_442,1,['MAKE_1']
INDUSTRY_3,Bearing_451,1,['MAKE_9']
INDUSTRY_3,Bearing_459,1,['MAKE_1']
INDUSTRY_3,Bearing_461,1,['MAKE_7']
INDUSTRY_3,Bearing_462,1,['MAKE_1']
INDUSTRY_3,Bearing_463,1,['MAKE_1']
INDUSTRY_3,Bearing_464,1,['MAKE_1']
INDUSTRY_3,Bearing_468,1,['MAKE_1']
INDUSTRY_3,Bearing_469,1,['MAKE_1']
INDUSTRY_3,Bearing_479,1,['MAKE_4']
INDUSTRY_3,Bearing_49,1,['MAKE_1']
INDUSTRY_3,Bearing_493,1,['MAKE_1']
INDUSTRY_3,Bearing_51,1,['MAKE_5']
INDUSTRY_3,Bearing_545,1,['MAKE_1']
INDUSTRY_3,Bearing_547,1,['MAKE_1']
INDUSTRY_3,Bearing_57,1,['MAKE_1']
INDUSTRY_3,Bearing_572,1,['MAKE_7']
INDUSTRY_3,Bearing_577,1,['MAKE_1']
INDUSTRY_3,Bearing_61,1,['MAKE_4']
INDUSTRY_3,Bearing_635,1,['MAKE_1']
INDUSTRY_3,Bearing_65,1,['MAKE_4']
INDUSTRY_3,Bearing_69,1,['MAKE_1']
INDUSTRY_3,Bearing_7,1,['MAKE_1']
INDUSTRY_3,Bearing_70,1,['MAKE_1']
INDUSTRY_3,Bearing_71,1,['MAKE_4']
INDUSTRY_3,Bearing_710,1,['MAKE_4']
INDUSTRY_3,Bearing_715,1,['MAKE_7']
INDUSTRY_3,Bearing_72,1,['MAKE_1']
INDUSTRY_3,Bearing_722,1,['MAKE_8']
INDUSTRY_3,Bearing_738,1,['MAKE_8']
INDUSTRY_3,Bearing_74,1,['MAKE_1']
INDUSTRY_3,Bearing_754,1,['MAKE_7']
INDUSTRY_3,Bearing_78,1,['MAKE_1']
INDUSTRY_3,Bearing_81,1,['MAKE_4']
INDUSTRY_3,Bearing_85,1,['MAKE_1']
INDUSTRY_3,Bearing_9,1,['MAKE_3']
INDUSTRY_3,Bearing_91,1,['MAKE_1']
INDUSTRY_3,Bearing_93,1,['MAKE_1']
INDUSTRY_3,Bearing_94,1,['MAKE_1']
INDUSTRY_3,Bearing_96,1,['MAKE_1']
INDUSTRY_4,Bearing_116,1,['MAKE_1']
INDUSTRY_4,Bearing_12,1,['MAKE_1']
INDUSTRY_4,Bearing_27,1,['MAKE_1']
INDUSTRY_4,Bearing_336,1,['MAKE_1']
INDUSTRY_4,Bearing_34,1,['MAKE_1']
INDUSTRY_4,Bearing_447,1,['MAKE_7']
INDUSTRY_4,Bearing_49,1,['MAKE_1']
INDUSTRY_4,Bearing_501,1,['MAKE_1']
INDUSTRY_4,Bearing_52,1,['MAKE_1']
INDUSTRY_4,Bearing_523,1,['MAKE_1']
INDUSTRY_4,Bearing_567,1,['MAKE_4']
INDUSTRY_4,Bearing_568,1,['MAKE_4']
INDUSTRY_4,Bearing_572,1,['MAKE_7']
INDUSTRY_4,Bearing_58,1,['MAKE_1']
INDUSTRY_4,Bearing_582,1,['MAKE_4']
INDUSTRY_4,Bearing_583,1,['MAKE_4']
INDUSTRY_4,Bearing_587,1,['MAKE_1']
INDUSTRY_4,Bearing_64,1,['MAKE_1']
INDUSTRY_4,Bearing_644,1,['MAKE_4']
INDUSTRY_4,Bearing_662,1,['MAKE_1']
INDUSTRY_5,Bearing_105,1,['MAKE_1']
INDUSTRY_5,Bearing_11,1,['MAKE_4']
INDUSTRY_5,Bearing_115,1,['MAKE_1']
INDUSTRY_5,Bearing_12,1,['MAKE_1']
INDUSTRY_5,Bearing_13,1,['MAKE_1']
INDUSTRY_5,Bearing_131,1,['MAKE_4']
INDUSTRY_5,Bearing_150,1,['MAKE_1']
INDUSTRY_5,Bearing_173,1,['MAKE_1']
INDUSTRY_5,Bearing_20,1,['MAKE_4']
INDUSTRY_5,Bearing_205,1,['MAKE_4']
INDUSTRY_5,Bearing_213,1,['MAKE_1']
INDUSTRY_5,Bearing_215,1,['MAKE_4']
INDUSTRY_5,Bearing_22,1,['MAKE_1']
INDUSTRY_5,Bearing_220,1,['MAKE_1']
INDUSTRY_5,Bearing_257,1,['MAKE_4']
INDUSTRY_5,Bearing_259,1,['MAKE_1']
INDUSTRY_5,Bearing_262,1,['MAKE_4']
INDUSTRY_5,Bearing_266,1,['MAKE_1']
INDUSTRY_5,Bearing_272,1,['MAKE_4']
INDUSTRY_5,Bearing_285,1,['MAKE_4']
INDUSTRY_5,Bearing_31,1,['MAKE_5']
INDUSTRY_5,Bearing_330,1,['MAKE_1']
INDUSTRY_5,Bearing_345,1,['MAKE_1']
INDUSTRY_5,Bearing_353,1,['MAKE_4']
INDUSTRY_5,Bearing_355,1,['MAKE_1']
INDUSTRY_5,Bearing_362,1,['MAKE_1']
INDUSTRY_5,Bearing_368,1,['MAKE_3']
INDUSTRY_5,Bearing_37,1,['MAKE_1']
INDUSTRY_5,Bearing_386,1,['MAKE_4']
INDUSTRY_5,Bearing_398,1,['MAKE_1']
INDUSTRY_5,Bearing_41,1,['MAKE_1']
INDUSTRY_5,Bearing_426,1,['MAKE_4']
INDUSTRY_5,Bearing_436,1,['MAKE_1']
INDUSTRY_5,Bearing_453,1,['MAKE_4']
INDUSTRY_5,Bearing_48,1,['MAKE_1']
INDUSTRY_5,Bearing_482,1,['MAKE_1']
INDUSTRY_5,Bearing_484,1,['MAKE_1']
INDUSTRY_5,Bearing_485,1,['MAKE_4']
INDUSTRY_5,Bearing_509,1,['MAKE_1']
INDUSTRY_5,Bearing_511,1,['MAKE_1']
INDUSTRY_5,Bearing_54,1,['MAKE_1']
INDUSTRY_5,Bearing_55,1,['MAKE_4']
INDUSTRY_5,Bearing_58,1,['MAKE_1']
INDUSTRY_5,Bearing_589,1,['MAKE_1']
INDUSTRY_5,Bearing_593,1,['MAKE_1']
INDUSTRY_5,Bearing_600,1,['MAKE_1']
INDUSTRY_5,Bearing_603,1,['MAKE_8']
INDUSTRY_5,Bearing_67,1,['MAKE_1']
INDUSTRY_5,Bearing_681,1,['MAKE_1']
INDUSTRY_5,Bearing_69,1,['MAKE_1']
INDUSTRY_5,Bearing_88,1,['MAKE_1']
INDUSTRY_5,Bearing_98,1,['MAKE_1']
INDUSTRY_6,Bearing_132,1,['MAKE_1']
INDUSTRY_6,Bearing_175,1,['MAKE_4']
INDUSTRY_6,Bearing_237,1,['MAKE_1']
INDUSTRY_6,Bearing_317,1,['MAKE_4']
INDUSTRY_6,Bearing_50,1,['MAKE_4']
INDUSTRY_6,Bearing_724,1,['MAKE_1']
INDUSTRY_6,Bearing_98,1,['MAKE_1']
INDUSTRY_7,Bearing_100,1,['MAKE_4']
INDUSTRY_7,Bearing_104,1,['MAKE_1']
INDUSTRY_7,Bearing_105,1,['MAKE_1']
INDUSTRY_7,Bearing_106,1,['MAKE_3']
INDUSTRY_7,Bearing_108,1,['MAKE_1']
INDUSTRY_7,Bearing_109,1,['MAKE_1']
INDUSTRY_7,Bearing_11,1,['MAKE_4']
INDUSTRY_7,Bearing_110,1,['MAKE_1']
INDUSTRY_7,Bearing_111,1,['MAKE_1']
INDUSTRY_7,Bearing_114,1,['MAKE_4']
INDUSTRY_7,Bearing_115,1,['MAKE_1']
INDUSTRY_7,Bearing_116,1,['MAKE_1']
INDUSTRY_7,Bearing_117,1,['MAKE_1']
INDUSTRY_7,Bearing_118,1,['MAKE_7']
INDUSTRY_7,Bearing_119,1,['MAKE_1']
INDUSTRY_7,Bearing_12,1,['MAKE_1']
INDUSTRY_7,Bearing_120,1,['MAKE_1']
INDUSTRY_7,Bearing_121,1,['MAKE_5']
INDUSTRY_7,Bearing_123,1,['MAKE_1']
INDUSTRY_7,Bearing_124,1,['MAKE_1']
INDUSTRY_7,Bearing_125,1,['MAKE_1']
INDUSTRY_7,Bearing_126,1,['MAKE_1']
INDUSTRY_7,Bearing_127,1,['MAKE_9']
INDUSTRY_7,Bearing_128,1,['MAKE_1']
INDUSTRY_7,Bearing_129,1,['MAKE_1']
INDUSTRY_7,Bearing_13,1,['MAKE_1']
INDUSTRY_7,Bearing_131,1,['MAKE_4']
INDUSTRY_7,Bearing_132,1,['MAKE_1']
INDUSTRY_7,Bearing_133,1,['MAKE_4']
INDUSTRY_7,Bearing_134,1,['MAKE_4']
INDUSTRY_7,Bearing_135,1,['MAKE_4']
INDUSTRY_7,Bearing_137,1,['MAKE_5']
INDUSTRY_7,Bearing_139,1,['MAKE_1']
INDUSTRY_7,Bearing_141,1,['MAKE_5']
INDUSTRY_7,Bearing_142,1,['MAKE_3']
INDUSTRY_7,Bearing_146,1,['MAKE_5']
INDUSTRY_7,Bearing_147,1,['MAKE_5']
INDUSTRY_7,Bearing_148,1,['MAKE_6']
INDUSTRY_7,Bearing_149,1,['MAKE_10']
INDUSTRY_7,Bearing_15,1,['MAKE_5']
INDUSTRY_7,Bearing_150,1,['MAKE_1']
INDUSTRY_7,Bearing_151,1,['MAKE_11']
INDUSTRY_7,Bearing_153,1,['MAKE_4']
INDUSTRY_7,Bearing_154,1,['MAKE_1']
INDUSTRY_7,Bearing_155,1,['MAKE_4']
INDUSTRY_7,Bearing_157,1,['MAKE_1']
INDUSTRY_7,Bearing_158,1,['MAKE_4']
INDUSTRY_7,Bearing_16,1,['MAKE_1']
INDUSTRY_7,Bearing_160,1,['MAKE_1']
INDUSTRY_7,Bearing_161,1,['MAKE_1']
INDUSTRY_7,Bearing_167,1,['MAKE_7']
INDUSTRY_7,Bearing_169,1,['MAKE_4']
INDUSTRY_7,Bearing_170,1,['MAKE_4']
INDUSTRY_7,Bearing_171,1,['MAKE_1']
INDUSTRY_7,Bearing_173,1,['MAKE_1']
INDUSTRY_7,Bearing_174,1,['MAKE_1']
INDUSTRY_7,Bearing_176,1,['MAKE_1']
INDUSTRY_7,Bearing_177,1,['MAKE_4']
INDUSTRY_7,Bearing_178,1,['MAKE_4']
INDUSTRY_7,Bearing_179,1,['MAKE_1']
INDUSTRY_7,Bearing_18,1,['MAKE_1']
INDUSTRY_7,Bearing_180,1,['MAKE_1']
INDUSTRY_7,Bearing_181,1,['MAKE_1']
INDUSTRY_7,Bearing_183,1,['MAKE_4']
INDUSTRY_7,Bearing_184,1,['MAKE_1']
INDUSTRY_7,Bearing_186,1,['MAKE_7']
INDUSTRY_7,Bearing_188,1,['MAKE_7']
INDUSTRY_7,Bearing_189,1,['MAKE_1']
INDUSTRY_7,Bearing_19,1,['MAKE_1']
INDUSTRY_7,Bearing_190,1,['MAKE_1']
INDUSTRY_7,Bearing_193,1,['MAKE_1']
INDUSTRY_7,Bearing_195,1,['MAKE_4']
INDUSTRY_7,Bearing_196,1,['MAKE_1']
INDUSTRY_7,Bearing_197,1,['MAKE_4']
INDUSTRY_7,Bearing_20,1,['MAKE_4']
INDUSTRY_7,Bearing_201,1,['MAKE_9']
INDUSTRY_7,Bearing_202,1,['MAKE_1']
INDUSTRY_7,Bearing_203,1,['MAKE_1']
INDUSTRY_7,Bearing_204,1,['MAKE_1']
INDUSTRY_7,Bearing_205,1,['MAKE_4']
INDUSTRY_7,Bearing_208,1,['MAKE_1']
INDUSTRY_7,Bearing_209,1,['MAKE_1']
INDUSTRY_7,Bearing_210,1,['MAKE_7']
INDUSTRY_7,Bearing_211,1,['MAKE_1']
INDUSTRY_7,Bearing_212,1,['MAKE_1']
INDUSTRY_7,Bearing_213,1,['MAKE_1']
INDUSTRY_7,Bearing_214,1,['MAKE_1']
INDUSTRY_7,Bearing_215,1,['MAKE_4']
INDUSTRY_7,Bearing_216,1,['MAKE_1']
INDUSTRY_7,Bearing_217,1,['MAKE_1']
INDUSTRY_7,Bearing_22,1,['MAKE_1']
INDUSTRY_7,Bearing_220,1,['MAKE_1']
INDUSTRY_7,Bearing_223,1,['MAKE_1']
INDUSTRY_7,Bearing_224,1,['MAKE_12']
INDUSTRY_7,Bearing_225,1,['MAKE_4']
INDUSTRY_7,Bearing_228,1,['MAKE_1']
INDUSTRY_7,Bearing_229,1,['MAKE_4']
INDUSTRY_7,Bearing_230,1,['MAKE_1']
INDUSTRY_7,Bearing_231,1,['MAKE_4']
INDUSTRY_7,Bearing_232,1,['MAKE_13']
INDUSTRY_7,Bearing_233,1,['MAKE_6']
INDUSTRY_7,Bearing_234,1,['MAKE_1']
INDUSTRY_7,Bearing_237,1,['MAKE_1']
INDUSTRY_7,Bearing_239,1,['MAKE_2']
INDUSTRY_7,Bearing_24,1,['MAKE_4']
INDUSTRY_7,Bearing_241,1,['MAKE_1']
INDUSTRY_7,Bearing_242,1,['MAKE_5']
INDUSTRY_7,Bearing_244,1,['MAKE_5']
INDUSTRY_7,Bearing_245,1,['MAKE_7']
INDUSTRY_7,Bearing_250,1,['MAKE_4']
INDUSTRY_7,Bearing_253,1,['MAKE_7']
INDUSTRY_7,Bearing_255,1,['MAKE_1']
INDUSTRY_7,Bearing_256,1,['MAKE_1']
INDUSTRY_7,Bearing_259,1,['MAKE_1']
INDUSTRY_7,Bearing_26,1,['MAKE_1']
INDUSTRY_7,Bearing_263,1,['MAKE_1']
INDUSTRY_7,Bearing_264,1,['MAKE_5']
INDUSTRY_7,Bearing_265,1,['MAKE_1']
INDUSTRY_7,Bearing_266,1,['MAKE_1']
INDUSTRY_7,Bearing_267,1,['MAKE_4']
INDUSTRY_7,Bearing_268,1,['MAKE_1']
INDUSTRY_7,Bearing_27,1,['MAKE_1']
INDUSTRY_7,Bearing_270,1,['MAKE_7']
INDUSTRY_7,Bearing_271,1,['MAKE_1']
INDUSTRY_7,Bearing_274,1,['MAKE_1']
INDUSTRY_7,Bearing_276,1,['MAKE_6']
INDUSTRY_7,Bearing_278,1,['MAKE_1']
INDUSTRY_7,Bearing_28,1,['MAKE_1']
INDUSTRY_7,Bearing_280,1,['MAKE_1']
INDUSTRY_7,Bearing_281,1,['MAKE_1']
INDUSTRY_7,Bearing_282,1,['MAKE_1']
INDUSTRY_7,Bearing_283,1,['MAKE_1']
INDUSTRY_7,Bearing_286,1,['MAKE_4']
INDUSTRY_7,Bearing_288,1,['MAKE_5']
INDUSTRY_7,Bearing_289,1,['MAKE_1']
INDUSTRY_7,Bearing_290,1,['MAKE_11']
INDUSTRY_7,Bearing_291,1,['MAKE_4']
INDUSTRY_7,Bearing_295,1,['MAKE_1']
INDUSTRY_7,Bearing_297,1,['MAKE_6']
INDUSTRY_7,Bearing_3,1,['MAKE_1']
INDUSTRY_7,Bearing_30,1,['MAKE_1']
INDUSTRY_7,Bearing_300,1,['MAKE_1']
INDUSTRY_7,Bearing_301,1,['MAKE_7']
INDUSTRY_7,Bearing_304,1,['MAKE_6']
INDUSTRY_7,Bearing_308,1,['MAKE_5']
INDUSTRY_7,Bearing_309,1,['MAKE_1']
INDUSTRY_7,Bearing_313,1,['MAKE_5']
INDUSTRY_7,Bearing_316,1,['MAKE_1']
INDUSTRY_7,Bearing_317,1,['MAKE_4']
INDUSTRY_7,Bearing_319,1,['MAKE_4']
INDUSTRY_7,Bearing_320,1,['MAKE_8']
INDUSTRY_7,Bearing_321,1,['MAKE_15']
INDUSTRY_7,Bearing_322,1,['MAKE_1']
INDUSTRY_7,Bearing_324,1,['MAKE_4']
INDUSTRY_7,Bearing_326,1,['MAKE_1']
INDUSTRY_7,Bearing_329,1,['MAKE_13']
INDUSTRY_7,Bearing_33,1,['MAKE_4']
INDUSTRY_7,Bearing_331,1,['MAKE_1']
INDUSTRY_7,Bearing_332,1,['MAKE_4']
INDUSTRY_7,Bearing_333,1,['MAKE_1']
INDUSTRY_7,Bearing_335,1,['MAKE_16']
INDUSTRY_7,Bearing_337,1,['MAKE_1']
INDUSTRY_7,Bearing_338,1,['MAKE_1']
INDUSTRY_7,Bearing_339,1,['MAKE_3']
INDUSTRY_7,Bearing_34,1,['MAKE_1']
INDUSTRY_7,Bearing_341,1,['MAKE_1']
INDUSTRY_7,Bearing_342,1,['MAKE_4']
INDUSTRY_7,Bearing_343,1,['MAKE_4']
INDUSTRY_7,Bearing_344,1,['MAKE_1']
INDUSTRY_7,Bearing_347,1,['MAKE_7']
INDUSTRY_7,Bearing_348,1,['MAKE_1']
INDUSTRY_7,Bearing_351,1,['MAKE_1']
INDUSTRY_7,Bearing_353,1,['MAKE_4']
INDUSTRY_7,Bearing_354,1,['MAKE_4']
INDUSTRY_7,Bearing_356,1,['MAKE_5']
INDUSTRY_7,Bearing_358,1,['MAKE_4']
INDUSTRY_7,Bearing_36,1,['MAKE_1']
INDUSTRY_7,Bearing_360,1,['MAKE_4']
INDUSTRY_7,Bearing_362,1,['MAKE_1']
INDUSTRY_7,Bearing_363,1,['MAKE_7']
INDUSTRY_7,Bearing_364,1,['MAKE_1']
INDUSTRY_7,Bearing_365,1,['MAKE_7']
INDUSTRY_7,Bearing_366,1,['MAKE_5']
INDUSTRY_7,Bearing_367,1,['MAKE_1']
INDUSTRY_7,Bearing_368,1,['MAKE_3']
INDUSTRY_7,Bearing_369,1,['MAKE_1']
INDUSTRY_7,Bearing_37,1,['MAKE_1']
INDUSTRY_7,Bearing_371,1,['MAKE_1']
INDUSTRY_7,Bearing_372,1,['MAKE_9']
INDUSTRY_7,Bearing_373,1,['MAKE_1']
INDUSTRY_7,Bearing_376,1,['MAKE_1']
INDUSTRY_7,Bearing_378,1,['MAKE_1']
INDUSTRY_7,Bearing_379,1,['MAKE_1']
INDUSTRY_7,Bearing_38,1,['MAKE_1']
INDUSTRY_7,Bearing_380,1,['MAKE_4']
INDUSTRY_7,Bearing_381,1,['MAKE_4']
INDUSTRY_7,Bearing_383,1,['MAKE_9']
INDUSTRY_7,Bearing_384,1,['MAKE_4']
INDUSTRY_7,Bearing_385,1,['MAKE_1']
INDUSTRY_7,Bearing_388,1,['MAKE_1']
INDUSTRY_7,Bearing_389,1,['MAKE_1']
INDUSTRY_7,Bearing_39,1,['MAKE_4']
INDUSTRY_7,Bearing_390,1,['MAKE_1']
INDUSTRY_7,Bearing_392,1,['MAKE_9']
INDUSTRY_7,Bearing_393,1,['MAKE_9']
INDUSTRY_7,Bearing_394,1,['MAKE_1']
INDUSTRY_7,Bearing_397,1,['MAKE_1']
INDUSTRY_7,Bearing_398,1,['MAKE_1']
INDUSTRY_7,Bearing_40,1,['MAKE_1']
INDUSTRY_7,Bearing_400,1,['MAKE_5']
INDUSTRY_7,Bearing_402,1,['MAKE_1']
INDUSTRY_7,Bearing_403,1,['MAKE_5']
INDUSTRY_7,Bearing_404,1,['MAKE_1']
INDUSTRY_7,Bearing_405,1,['MAKE_1']
INDUSTRY_7,Bearing_409,1,['MAKE_3']
INDUSTRY_7,Bearing_41,1,['MAKE_1']
INDUSTRY_7,Bearing_410,1,['MAKE_1']
INDUSTRY_7,Bearing_411,1,['MAKE_1']
INDUSTRY_7,Bearing_416,1,['MAKE_5']
INDUSTRY_7,Bearing_417,1,['MAKE_4']
INDUSTRY_7,Bearing_419,1,['MAKE_1']
INDUSTRY_7,Bearing_42,1,['MAKE_1']
INDUSTRY_7,Bearing_420,1,['MAKE_1']
INDUSTRY_7,Bearing_421,1,['MAKE_4']
INDUSTRY_7,Bearing_422,1,['MAKE_1']
INDUSTRY_7,Bearing_423,1,['MAKE_1']
INDUSTRY_7,Bearing_427,1,['MAKE_1']
INDUSTRY_7,Bearing_43,1,['MAKE_1']
INDUSTRY_7,Bearing_431,1,['MAKE_6']
INDUSTRY_7,Bearing_432,1,['MAKE_1']
INDUSTRY_7,Bearing_433,1,['MAKE_4']
INDUSTRY_7,Bearing_434,1,['MAKE_1']
INDUSTRY_7,Bearing_435,1,['MAKE_4']
INDUSTRY_7,Bearing_439,1,['MAKE_1']
INDUSTRY_7,Bearing_443,1,['MAKE_4']
INDUSTRY_7,Bearing_444,1,['MAKE_1']
INDUSTRY_7,Bearing_446,1,['MAKE_7']
INDUSTRY_7,Bearing_447,1,['MAKE_7']
INDUSTRY_7,Bearing_449,1,['MAKE_1']
INDUSTRY_7,Bearing_450,1,['MAKE_1']
INDUSTRY_7,Bearing_452,1,['MAKE_4']
INDUSTRY_7,Bearing_454,1,['MAKE_1']
INDUSTRY_7,Bearing_455,1,['MAKE_4']
INDUSTRY_7,Bearing_456,1,['MAKE_4']
INDUSTRY_7,Bearing_457,1,['MAKE_1']
INDUSTRY_7,Bearing_458,1,['MAKE_1']
INDUSTRY_7,Bearing_46,1,['MAKE_1']
INDUSTRY_7,Bearing_461,1,['MAKE_7']
INDUSTRY_7,Bearing_466,1,['MAKE_1']
INDUSTRY_7,Bearing_47,1,['MAKE_5']
INDUSTRY_7,Bearing_470,1,['MAKE_4']
INDUSTRY_7,Bearing_471,1,['MAKE_4']
INDUSTRY_7,Bearing_472,1,['MAKE_1']
INDUSTRY_7,Bearing_473,1,['MAKE_4']
INDUSTRY_7,Bearing_48,1,['MAKE_1']
INDUSTRY_7,Bearing_480,1,['MAKE_1']
INDUSTRY_7,Bearing_486,1,['MAKE_1']
INDUSTRY_7,Bearing_487,1,['MAKE_4']
INDUSTRY_7,Bearing_488,1,['MAKE_1']
INDUSTRY_7,Bearing_49,1,['MAKE_1']
INDUSTRY_7,Bearing_492,1,['MAKE_1']
INDUSTRY_7,Bearing_494,1,['MAKE_4']
INDUSTRY_7,Bearing_495,1,['MAKE_1']
INDUSTRY_7,Bearing_496,1,['MAKE_1']
INDUSTRY_7,Bearing_5,1,['MAKE_1']
INDUSTRY_7,Bearing_50,1,['MAKE_4']
INDUSTRY_7,Bearing_500,1,['MAKE_9']
INDUSTRY_7,Bearing_502,1,['MAKE_1']
INDUSTRY_7,Bearing_503,1,['MAKE_4']
INDUSTRY_7,Bearing_505,1,['MAKE_4']
INDUSTRY_7,Bearing_507,1,['MAKE_2']
INDUSTRY_7,Bearing_51,1,['MAKE_5']
INDUSTRY_7,Bearing_514,1,['MAKE_7']
INDUSTRY_7,Bearing_517,1,['MAKE_1']
INDUSTRY_7,Bearing_518,1,['MAKE_1']
INDUSTRY_7,Bearing_519,1,['MAKE_1']
INDUSTRY_7,Bearing_52,1,['MAKE_1']
INDUSTRY_7,Bearing_520,1,['MAKE_1']
INDUSTRY_7,Bearing_521,1,['MAKE_1']
INDUSTRY_7,Bearing_522,1,['MAKE_1']
INDUSTRY_7,Bearing_525,1,['MAKE_1']
INDUSTRY_7,Bearing_527,1,['MAKE_1']
INDUSTRY_7,Bearing_529,1,['MAKE_1']
INDUSTRY_7,Bearing_53,1,['MAKE_4']
INDUSTRY_7,Bearing_532,1,['MAKE_1']
INDUSTRY_7,Bearing_533,1,['MAKE_1']
INDUSTRY_7,Bearing_534,1,['MAKE_3']
INDUSTRY_7,Bearing_536,1,['MAKE_1']
INDUSTRY_7,Bearing_537,1,['MAKE_1']
INDUSTRY_7,Bearing_538,1,['MAKE_4']
INDUSTRY_7,Bearing_539,1,['MAKE_4']
INDUSTRY_7,Bearing_54,1,['MAKE_1']
INDUSTRY_7,Bearing_540,1,['MAKE_4']
INDUSTRY_7,Bearing_541,1,['MAKE_1']
INDUSTRY_7,Bearing_543,1,['MAKE_7']
INDUSTRY_7,Bearing_546,1,['MAKE_4']
INDUSTRY_7,Bearing_548,1,['MAKE_4']
INDUSTRY_7,Bearing_55,1,['MAKE_4']
INDUSTRY_7,Bearing_551,1,['MAKE_4']
INDUSTRY_7,Bearing_553,1,['MAKE_4']
INDUSTRY_7,Bearing_555,1,['MAKE_2']
INDUSTRY_7,Bearing_557,1,['MAKE_3']
INDUSTRY_7,Bearing_558,1,['MAKE_4']
INDUSTRY_7,Bearing_56,1,['MAKE_1']
INDUSTRY_7,Bearing_560,1,['MAKE_1']
INDUSTRY_7,Bearing_561,1,['MAKE_1']
INDUSTRY_7,Bearing_562,1,['MAKE_9']
INDUSTRY_7,Bearing_565,1,['MAKE_1']
INDUSTRY_7,Bearing_569,1,['MAKE_1']
INDUSTRY_7,Bearing_57,1,['MAKE_1']
INDUSTRY_7,Bearing_571,1,['MAKE_5']
INDUSTRY_7,Bearing_573,1,['MAKE_1']
INDUSTRY_7,Bearing_575,1,['MAKE_1']
INDUSTRY_7,Bearing_576,1,['MAKE_4']
INDUSTRY_7,Bearing_579,1,['MAKE_1']
INDUSTRY_7,Bearing_58,1,['MAKE_1']
INDUSTRY_7,Bearing_584,1,['MAKE_4']
INDUSTRY_7,Bearing_59,1,['MAKE_1']
INDUSTRY_7,Bearing_6,1,['MAKE_1']
INDUSTRY_7,Bearing_60,1,['MAKE_5']
INDUSTRY_7,Bearing_600,1,['MAKE_1']
INDUSTRY_7,Bearing_602,1,['MAKE_1']
INDUSTRY_7,Bearing_604,1,['MAKE_6']
INDUSTRY_7,Bearing_606,1,['MAKE_1']
INDUSTRY_7,Bearing_608,1,['MAKE_4']
INDUSTRY_7,Bearing_609,1,['MAKE_4']
INDUSTRY_7,Bearing_61,1,['MAKE_4']
INDUSTRY_7,Bearing_610,1,['MAKE_4']
INDUSTRY_7,Bearing_611,1,['MAKE_1']
INDUSTRY_7,Bearing_612,1,['MAKE_1']
INDUSTRY_7,Bearing_613,1,['MAKE_1']
INDUSTRY_7,Bearing_614,1,['MAKE_1']
INDUSTRY_7,Bearing_615,1,['MAKE_3']
INDUSTRY_7,Bearing_618,1,['MAKE_4']
INDUSTRY_7,Bearing_620,1,['MAKE_1']
INDUSTRY_7,Bearing_624,1,['MAKE_1']
INDUSTRY_7,Bearing_625,1,['MAKE_1']
INDUSTRY_7,Bearing_626,1,['MAKE_8']
INDUSTRY_7,Bearing_627,1,['MAKE_1']
INDUSTRY_7,Bearing_629,1,['MAKE_1']
INDUSTRY_7,Bearing_63,1,['MAKE_1']
INDUSTRY_7,Bearing_634,1,['MAKE_4']
INDUSTRY_7,Bearing_639,1,['MAKE_1']
INDUSTRY_7,Bearing_640,1,['MAKE_7']
INDUSTRY_7,Bearing_641,1,['MAKE_1']
INDUSTRY_7,Bearing_642,1,['MAKE_8']
INDUSTRY_7,Bearing_643,1,['MAKE_1']
INDUSTRY_7,Bearing_646,1,['MAKE_4']
INDUSTRY_7,Bearing_647,1,['MAKE_4']
INDUSTRY_7,Bearing_650,1,['MAKE_1']
INDUSTRY_7,Bearing_656,1,['MAKE_1']
INDUSTRY_7,Bearing_66,1,['MAKE_1']
INDUSTRY_7,Bearing_663,1,['MAKE_1']
INDUSTRY_7,Bearing_668,1,['MAKE_4']
INDUSTRY_7,Bearing_67,1,['MAKE_1']
INDUSTRY_7,Bearing_670,1,['MAKE_1']
INDUSTRY_7,Bearing_674,1,['MAKE_4']
INDUSTRY_7,Bearing_676,1,['MAKE_1']
INDUSTRY_7,Bearing_68,1,['MAKE_1']
INDUSTRY_7,Bearing_682,1,['MAKE_1']
INDUSTRY_7,Bearing_683,1,['MAKE_1']
INDUSTRY_7,Bearing_684,1,['MAKE_1']
INDUSTRY_7,Bearing_685,1,['MAKE_14']
INDUSTRY_7,Bearing_686,1,['MAKE_14']
INDUSTRY_7,Bearing_687,1,['MAKE_4']
INDUSTRY_7,Bearing_688,1,['MAKE_1']
INDUSTRY_7,Bearing_69,1,['MAKE_1']
INDUSTRY_7,Bearing_691,1,['MAKE_1']
INDUSTRY_7,Bearing_695,1,['MAKE_1']
INDUSTRY_7,Bearing_699,1,['MAKE_2']
INDUSTRY_7,Bearing_7,1,['MAKE_1']
INDUSTRY_7,Bearing_701,1,['MAKE_1']
INDUSTRY_7,Bearing_702,1,['MAKE_1']
INDUSTRY_7,Bearing_708,1,['MAKE_4']
INDUSTRY_7,Bearing_718,1,['MAKE_1']
INDUSTRY_7,Bearing_725,1,['MAKE_1']
INDUSTRY_7,Bearing_728,1,['MAKE_1']
INDUSTRY_7,Bearing_731,1,['MAKE_4']
INDUSTRY_7,Bearing_735,1,['MAKE_1']
INDUSTRY_7,Bearing_736,1,['MAKE_1']
INDUSTRY_7,Bearing_74,1,['MAKE_1']
INDUSTRY_7,Bearing_740,1,['MAKE_1']
INDUSTRY_7,Bearing_741,1,['MAKE_1']
INDUSTRY_7,Bearing_742,1,['MAKE_1']
INDUSTRY_7,Bearing_746,1,['MAKE_1']
INDUSTRY_7,Bearing_747,1,['MAKE_9']
INDUSTRY_7,Bearing_748,1,['MAKE_4']
INDUSTRY_7,Bearing_750,1,['MAKE_1']
INDUSTRY_7,Bearing_76,1,['MAKE_4']
INDUSTRY_7,Bearing_77,1,['MAKE_5']
INDUSTRY_7,Bearing_78,1,['MAKE_1']
INDUSTRY_7,Bearing_79,1,['MAKE_4']
INDUSTRY_7,Bearing_80,1,['MAKE_7']
INDUSTRY_7,Bearing_81,1,['MAKE_4']
INDUSTRY_7,Bearing_86,1,['MAKE_1']
INDUSTRY_7,Bearing_88,1,['MAKE_1']
INDUSTRY_7,Bearing_90,1,['MAKE_1']
INDUSTRY_7,Bearing_91,1,['MAKE_1']
INDUSTRY_7,Bearing_92,1,['MAKE_3']
INDUSTRY_7,Bearing_93,1,['MAKE_1']
INDUSTRY_7,Bearing_94,1,['MAKE_1']
INDUSTRY_7,Bearing_96,1,['MAKE_1']
INDUSTRY_7,Bearing_97,1,['MAKE_4']
INDUSTRY_7,Bearing_98,1,['MAKE_1']
INDUSTRY_7,Bearing_99,1,['MAKE_1']
INDUSTRY_8,Bearing_140,1,['MAKE_1']
INDUSTRY_8,Bearing_33,1,['MAKE_4']
INDUSTRY_8,Bearing_437,1,['MAKE_4']
INDUSTRY_8,Bearing_477,1,['MAKE_4']
INDUSTRY_9,Bearing_130,1,['MAKE_1']
INDUSTRY_9,Bearing_138,1,['MAKE_4']
INDUSTRY_9,Bearing_166,1,['MAKE_4']
INDUSTRY_9,Bearing_173,1,['MAKE_1']
INDUSTRY_9,Bearing_224,1,['MAKE_12']
INDUSTRY_9,Bearing_233,1,['MAKE_6']
INDUSTRY_9,Bearing_300,1,['MAKE_1']
INDUSTRY_9,Bearing_334,1,['MAKE_1']
INDUSTRY_9,Bearing_346,1,['MAKE_1']
INDUSTRY_9,Bearing_37,1,['MAKE_1']
INDUSTRY_9,Bearing_423,1,['MAKE_1']
INDUSTRY_9,Bearing_427,1,['MAKE_1']
INDUSTRY_9,Bearing_49,1,['MAKE_1']
INDUSTRY_9,Bearing_52,1,['MAKE_1']
INDUSTRY_9,Bearing_58,1,['MAKE_1']
INDUSTRY_9,Bearing_66,1,['MAKE_1']
INDUSTRY_9,Bearing_80,1,['MAKE_7']
INDUSTRY_9,Bearing_83,1,['MAKE_4']
